Five-Year Age Groups	Gender	Year	Deaths	Population	Crude Rate
1-4 years	F	2000	910	7508434	12.1197043218333
1-4 years	F	2001	879	7468536	11.7693748815029
1-4 years	F	2002	843	7564711	11.1438493816882
1-4 years	F	2003	865	7636693	11.3268924127237
1-4 years	F	2004	880	7713175	11.409050099343
1-4 years	F	2005	829	7785123	10.6485151230109
1-4 years	F	2006	875	7775092	11.2538861276497
1-4 years	F	2007	823	7813088	10.5336071985878
1-4 years	F	2008	796	7891294	10.0870655687141
1-4 years	F	2009	760	7943260	9.56786004738609
1-4 years	F	2010	722	7952058	9.07941063810148
1-4 years	F	2011	745	7909731	9.41877795844132
1-4 years	F	2012	723	7856870	9.2021377469654
1-4 years	F	2013	668	7790614	8.57442045004412
1-4 years	F	2014	671	7790662	8.61287526015119
1-4 years	F	2015	639	7786776	8.20622039211093
1-4 years	F	2016	677	7800517	8.678911923402
1-4 years	F	2017	666	7818747	8.51798887980389
1-4 years	F	2018	640	7798370	8.20684322493034
1-4 years	F	2019	635	7719541	8.22587767847855
1-4 years	F	2020	599	7613266	7.86784541614597
1-4 years	F	2021	709	7459995	9.50402781771301
1-4 years	F	2022	697	7263012	9.59656957747006
1-4 years	M	2000	1333	7861716	16.955585777965
1-4 years	M	2001	1315	7817023	16.8222608530127
1-4 years	M	2002	1297	7913020	16.3907079724302
1-4 years	M	2003	1283	7979882	16.0779319794453
1-4 years	M	2004	1204	8058452	14.9408347906025
1-4 years	M	2005	1295	8127884	15.9328061276465
1-4 years	M	2006	1175	8122053	14.4667856759861
1-4 years	M	2007	1235	8164877	15.1257636826617
1-4 years	M	2008	1186	8247098	14.3808161367793
1-4 years	M	2009	1169	8297671	14.0882905576758
1-4 years	M	2010	1159	8305151	13.9551947941705
1-4 years	M	2011	1124	8255790	13.614687389093
1-4 years	M	2012	1055	8199397	12.8667998390613
1-4 years	M	2013	1065	8135691	13.0904676689417
1-4 years	M	2014	990	8137871	12.165343982474
1-4 years	M	2015	1044	8142467	12.8216669468848
1-4 years	M	2016	994	8156375	12.1867864094037
1-4 years	M	2017	1006	8180818	12.2970588026772
1-4 years	M	2018	1018	8163697	12.4698405636564
1-4 years	M	2019	885	8074090	10.9609875540154
1-4 years	M	2020	972	7953016	12.2217785051608
1-4 years	M	2021	1023	7802850	13.1105942059632
1-4 years	M	2022	1076	7592228	14.1723878682252
10-14 years	F	2000	708	10007875	7.07442888725129
10-14 years	F	2001	680	10231469	6.64616195386997
10-14 years	F	2002	715	10371422	6.89394376200293
10-14 years	F	2003	635	10444875	6.079536614847
10-14 years	F	2004	744	10443706	7.1239079307671
10-14 years	F	2005	644	10348382	6.2231950849901
10-14 years	F	2006	599	10261944	5.83710065071491
10-14 years	F	2007	591	10170082	5.8111625845298
10-14 years	F	2008	495	10108474	4.8968815668913
10-14 years	F	2009	474	10088732	4.6983109473024
10-14 years	F	2010	465	10097332	4.60517689227214
10-14 years	F	2011	449	10117822	4.43771396650386
10-14 years	F	2012	448	10102004	4.43476363699717
10-14 years	F	2013	490	10097931	4.85247918608277
10-14 years	F	2014	460	10120287	4.54532564145661
10-14 years	F	2015	491	10101942	4.86045158445772
10-14 years	F	2016	569	10099501	5.63394171652639
10-14 years	F	2017	542	10173382	5.32762851134461
10-14 years	F	2018	568	10220687	5.55735636948867
10-14 years	F	2019	545	10180007	5.35363089632453
10-14 years	F	2020	613	10159455	6.03378822978201
10-14 years	F	2021	678	10459561	6.48210761426794
10-14 years	F	2022	688	10187986	6.75305207525805
10-14 years	M	2000	1469	10520197	13.9636168410154
10-14 years	M	2001	1374	10747209	12.7847146175347
10-14 years	M	2002	1370	10889999	12.5803500992057
10-14 years	M	2003	1380	10970478	12.5792148710384
10-14 years	M	2004	1336	10967974	12.1809187366783
10-14 years	M	2005	1239	10864197	11.4044323754439
10-14 years	M	2006	1122	10771194	10.4166724691803
10-14 years	M	2007	1076	10670960	10.0834414148305
10-14 years	M	2008	1000	10598181	9.43558144553296
10-14 years	M	2009	929	10571832	8.7875024877429
10-14 years	M	2010	884	10579862	8.35549650836655
10-14 years	M	2011	913	10587030	8.62375944906173
10-14 years	M	2012	878	10567214	8.30871788912385
10-14 years	M	2013	870	10552523	8.24447385710507
10-14 years	M	2014	909	10551219	8.61511831002655
10-14 years	M	2015	883	10520388	8.3932265616059
10-14 years	M	2016	911	10518732	8.66073971653618
10-14 years	M	2017	1065	10605072	10.0423646345824
10-14 years	M	2018	958	10658840	8.98784483114485
10-14 years	M	2019	1014	10618261	9.54958632114995
10-14 years	M	2020	1201	10594968	11.3355698667518
10-14 years	M	2021	1189	10988223	10.8206759182081
10-14 years	M	2022	1171	10701853	10.9420303194223
15-19 years	F	2000	2601	9828886	26.4628158267376
15-19 years	F	2001	2500	9908897	25.2298515162687
15-19 years	F	2002	2719	9981879	27.2393604450625
15-19 years	F	2003	2624	10086567	26.014797700744
15-19 years	F	2004	2784	10242793	27.180086525228
15-19 years	F	2005	2590	10434789	24.8208181305822
15-19 years	F	2006	2613	10597293	24.6572402971212
15-19 years	F	2007	2540	10731326	23.6690228215973
15-19 years	F	2008	2253	10805148	20.8511720524328
15-19 years	F	2009	2128	10804571	19.6953678216377
15-19 years	F	2010	1957	10736677	18.2272410728198
15-19 years	F	2011	1904	10525097	18.0900945615988
15-19 years	F	2012	1830	10397841	17.599807498499
15-19 years	F	2013	1705	10312774	16.5328940593481
15-19 years	F	2014	1709	10283624	16.618655057789
15-19 years	F	2015	1966	10311036	19.0669492376906
15-19 years	F	2016	2081	10328153	20.1488107312121
15-19 years	F	2017	2041	10331169	19.7557507770902
15-19 years	F	2018	2007	10322313	19.443316628744
15-19 years	F	2019	1902	10308963	18.44996436596
15-19 years	F	2020	2214	10266332	21.5656380487208
15-19 years	F	2021	2519	10541690	23.895599282468
15-19 years	F	2022	2389	10553749	22.636505757338
15-19 years	M	2000	7846	10391004	75.5076217851518
15-19 years	M	2001	7830	10547387	74.2363961803999
15-19 years	M	2002	8006	10628491	75.3258388232158
15-19 years	M	2003	7766	10710599	72.5076160539667
15-19 years	M	2004	7875	10859759	72.5154213827397
15-19 years	M	2005	7898	11051425	71.4658969318436
15-19 years	M	2006	8131	11210416	72.5307606782835
15-19 years	M	2007	7875	11336490	69.4659458086233
15-19 years	M	2008	7183	11405732	62.9771065986821
15-19 years	M	2009	6438	11388239	56.532006397126
15-19 years	M	2010	6240	11303666	55.2033296100575
15-19 years	M	2011	6041	11118946	54.3306892577768
15-19 years	M	2012	5715	10962861	52.1305524169284
15-19 years	M	2013	5243	10846190	48.3395551802061
15-19 years	M	2014	5415	10784023	50.2131718376342
15-19 years	M	2015	5751	10797867	53.2605189524931
15-19 years	M	2016	6176	10801846	57.1754124248763
15-19 years	M	2017	6428	10800491	59.5158127533276
15-19 years	M	2018	5863	10774908	54.4134576369469
15-19 years	M	2019	5925	10745607	55.1388116092465
15-19 years	M	2020	7439	10694597	69.5584882721621
15-19 years	M	2021	7876	11022976	71.4507588513302
15-19 years	M	2022	7534	11082043	67.9838546015387
20-24 years	F	2000	2461	9276187	26.5302974163846
20-24 years	F	2001	2482	9676950	25.6485772893319
20-24 years	F	2002	2727	9916245	27.5003290055863
20-24 years	F	2003	2881	10093723	28.5424912096359
20-24 years	F	2004	2813	10190641	27.6037591747173
20-24 years	F	2005	2894	10222806	28.3092528607116
20-24 years	F	2006	2944	10238784	28.7534144679681
20-24 years	F	2007	2981	10270163	29.02582948294
20-24 years	F	2008	2782	10339566	26.9063517753066
20-24 years	F	2009	2661	10459413	25.4411982775706
20-24 years	F	2010	2885	10571823	27.2895223463352
20-24 years	F	2011	2855	10841132	26.3348882755048
20-24 years	F	2012	2948	11033747	26.7180315082447
20-24 years	F	2013	3041	11116473	27.355798912119
20-24 years	F	2014	2991	11172747	26.7704978909842
20-24 years	F	2015	3269	11071459	29.5263704630076
20-24 years	F	2016	3577	10889963	32.8467599017554
20-24 years	F	2017	3726	10769493	34.5977289738709
20-24 years	F	2018	3477	10672032	32.5804870150314
20-24 years	F	2019	3339	10568188	31.5948202284062
20-24 years	F	2020	4000	10561909	37.8719415211777
20-24 years	F	2021	4385	10550759	41.5609910149592
20-24 years	F	2022	4086	11103791	36.7982430505041
20-24 years	M	2000	10613	9687814	109.549997553628
20-24 years	M	2001	11295	10080336	112.049836434024
20-24 years	M	2002	11802	10327520	114.277193362976
20-24 years	M	2003	12058	10497965	114.860356269048
20-24 years	M	2004	12011	10654919	112.727276481407
20-24 years	M	2005	12648	10737149	117.796632979574
20-24 years	M	2006	13192	10797351	122.178115724866
20-24 years	M	2007	12901	10807836	119.367096243873
20-24 years	M	2008	12068	10841046	111.317671744959
20-24 years	M	2009	11025	10924709	100.918019875861
20-24 years	M	2010	11107	11014176	100.842768446773
20-24 years	M	2011	11491	11312700	101.57610473185
20-24 years	M	2012	11505	11549456	99.6150814376019
20-24 years	M	2013	11368	11678965	97.3373924829811
20-24 years	M	2014	11453	11739427	97.5601279346939
20-24 years	M	2015	12324	11667854	105.62353625611
20-24 years	M	2016	13565	11491065	118.048240089148
20-24 years	M	2017	13063	11349142	115.101212056383
20-24 years	M	2018	12096	11201547	107.985084560195
20-24 years	M	2019	11932	11064752	107.837934370332
20-24 years	M	2020	14621	11032846	132.522469723587
20-24 years	M	2021	14877	10973238	135.575296917829
20-24 years	M	2022	13526	11601988	116.58346828147
25-29 years	F	2000	2169	9582576	22.6348322204802
25-29 years	F	2001	2214	9303113	23.7984855176971
25-29 years	F	2002	2274	9248586	24.5875423551233
25-29 years	F	2003	2324	9307104	24.9701733213683
25-29 years	F	2004	2438	9479080	25.7197955919773
25-29 years	F	2005	2521	9712544	25.9561243686515
25-29 years	F	2006	2812	10014422	28.0795037397066
25-29 years	F	2007	2941	10229259	28.7508606439626
25-29 years	F	2008	2824	10393532	27.1707442667228
25-29 years	F	2009	2820	10466871	26.9421491867054
25-29 years	F	2010	2970	10466258	28.3769041428178
25-29 years	F	2011	3031	10518279	28.8165012546254
25-29 years	F	2012	3112	10553440	29.4880152822208
25-29 years	F	2013	3141	10620319	29.575382811006
25-29 years	F	2014	3366	10826549	31.0902393735991
25-29 years	F	2015	3634	11052155	32.8804653934007
25-29 years	F	2016	4341	11259410	38.5544180378901
25-29 years	F	2017	4598	11468230	40.0933709909899
25-29 years	F	2018	4609	11542918	39.9292449274958
25-29 years	F	2019	4411	11504446	38.3416985050823
25-29 years	F	2020	5349	11356117	47.1023678251994
25-29 years	F	2021	5564	11013419	50.5201881450256
25-29 years	F	2022	5264	10840422	48.558995212548
25-29 years	M	2000	8784	9798760	89.6439957708935
25-29 years	M	2001	8981	9516234	94.3755691589761
25-29 years	M	2002	9215	9442754	97.5880553491068
25-29 years	M	2003	9242	9464481	97.6493058626247
25-29 years	M	2004	9790	9627975	101.682856467741
25-29 years	M	2005	10247	9822166	104.325257789372
25-29 years	M	2006	11101	10095589	109.958913739456
25-29 years	M	2007	11129	10313439	107.907750266424
25-29 years	M	2008	11010	10509136	104.7659864712
25-29 years	M	2009	10248	10611357	96.5757725425693
25-29 years	M	2010	10558	10635591	99.2704589712034
25-29 years	M	2011	10854	10761515	100.859405018717
25-29 years	M	2012	10962	10844886	101.079900701584
25-29 years	M	2013	10995	10959879	100.320450618114
25-29 years	M	2014	11427	11161389	102.379730694809
25-29 years	M	2015	12963	11409399	113.616852211059
25-29 years	M	2016	15054	11631474	129.4246971622
25-29 years	M	2017	15981	11902230	134.26895632163
25-29 years	M	2018	15237	12018838	126.775982836278
25-29 years	M	2019	15002	12004570	124.969074277546
25-29 years	M	2020	18075	11875126	152.208911299131
25-29 years	M	2021	19029	11379058	167.228253867763
25-29 years	M	2022	17211	11352742	151.602141579541
30-34 years	F	2000	2428	10188619	23.830511279301
30-34 years	F	2001	2501	10263930	24.36688480923
30-34 years	F	2002	2669	10270193	25.9878271031518
30-34 years	F	2003	2659	10193818	26.0844366654378
30-34 years	F	2004	2675	10041145	26.6403881230676
30-34 years	F	2005	2788	9835154	28.347293799365
30-34 years	F	2006	2637	9611918	27.4346909742676
30-34 years	F	2007	2734	9559334	28.6003188088208
30-34 years	F	2008	2587	9625879	26.8754676845616
30-34 years	F	2009	2769	9800559	28.2534904386576
30-34 years	F	2010	2889	9965599	28.9897275617853
30-34 years	F	2011	3273	10228056	32.0002158768
30-34 years	F	2012	3298	10417089	31.6595163965672
30-34 years	F	2013	3351	10582777	31.6646566397459
30-34 years	F	2014	3460	10719741	32.2768992273228
30-34 years	F	2015	4043	10785909	37.4840915123612
30-34 years	F	2016	4616	10818095	42.6692499927205
30-34 years	F	2017	4949	10883081	45.474254946738
30-34 years	F	2018	4842	10944147	44.242826782206
30-34 years	F	2019	4923	11076695	44.4446651280007
30-34 years	F	2020	5993	11269150	53.1805859359402
30-34 years	F	2021	6687	11428324	58.5125167959886
30-34 years	F	2022	6621	11471316	57.7178764842674
30-34 years	M	2000	8218	10321769	79.6181352246887
30-34 years	M	2001	8509	10388245	81.9098894952901
30-34 years	M	2002	8956	10388113	86.2139254742416
30-34 years	M	2003	8936	10278392	86.9396691622581
30-34 years	M	2004	8682	10118356	85.8044528182246
30-34 years	M	2005	9108	9888783	92.1043570275533
30-34 years	M	2006	9138	9673250	94.4666994029928
30-34 years	M	2007	9285	9611431	96.60372113164
30-34 years	M	2008	9064	9678926	93.6467537823928
30-34 years	M	2009	8739	9844555	88.7698834533405
30-34 years	M	2010	9120	9996500	91.2319311759116
30-34 years	M	2011	9628	10282648	93.6334687329567
30-34 years	M	2012	10044	10493906	95.7126926808759
30-34 years	M	2013	10328	10681612	96.6895258880401
30-34 years	M	2014	10837	10808825	100.260666631202
30-34 years	M	2015	12086	10889739	110.985212776909
30-34 years	M	2016	14118	10968264	128.716814256112
30-34 years	M	2017	15029	11089131	135.529105030863
30-34 years	M	2018	14573	11191871	130.210578731653
30-34 years	M	2019	14964	11354610	131.787881750232
30-34 years	M	2020	19008	11569253	164.297556635679
30-34 years	M	2021	21195	11674304	181.552579065955
30-34 years	M	2022	20671	11836820	174.633051782489
35-39 years	F	2000	3304	11387968	29.0130776623187
35-39 years	F	2001	3520	11141510	31.5935631705218
35-39 years	F	2002	3485	10903446	31.9623722628608
35-39 years	F	2003	3404	10660101	31.9321552394297
35-39 years	F	2004	3299	10453320	31.5593514787646
35-39 years	F	2005	3346	10411620	32.1371698160325
35-39 years	F	2006	3507	10489448	33.4335991750948
35-39 years	F	2007	3416	10502839	32.5245393174169
35-39 years	F	2008	3272	10437809	31.3475749556253
35-39 years	F	2009	3130	10292169	30.4114710903018
35-39 years	F	2010	3358	10137620	33.1241455094983
35-39 years	F	2011	3274	9832998	33.2960507060003
35-39 years	F	2012	3206	9773586	32.8026990298136
35-39 years	F	2013	3329	9818501	33.9053792427174
35-39 years	F	2014	3508	9981814	35.143912719672
35-39 years	F	2015	3842	10201161	37.6623798016716
35-39 years	F	2016	4572	10397463	43.9722651573754
35-39 years	F	2017	4910	10616012	46.2508896937946
35-39 years	F	2018	4919	10773397	45.6587648259876
35-39 years	F	2019	5034	10852580	46.3852834994075
35-39 years	F	2020	6088	10890716	55.9008241515067
35-39 years	F	2021	6895	11035485	62.4802625349044
35-39 years	F	2022	6619	10965649	60.3612244017659
35-39 years	M	2000	9735	11318696	86.0081408671105
35-39 years	M	2001	9808	11094408	88.4048973140342
35-39 years	M	2002	9896	10847772	91.226106153411
35-39 years	M	2003	9512	10604058	89.7015086111374
35-39 years	M	2004	9218	10421329	88.4532097585634
35-39 years	M	2005	9169	10387033	88.2735233439617
35-39 years	M	2006	9655	10451785	92.3765653426664
35-39 years	M	2007	9630	10461052	92.0557511806652
35-39 years	M	2008	9332	10379654	89.9066577749123
35-39 years	M	2009	8877	10215627	86.8962815498256
35-39 years	M	2010	8548	10042022	85.1222990748278
35-39 years	M	2011	8606	9761311	88.1643869353205
35-39 years	M	2012	8903	9714613	91.6454417690133
35-39 years	M	2013	8863	9785269	90.5749244093341
35-39 years	M	2014	9455	9939836	95.1222937682272
35-39 years	M	2015	10888	10173424	107.023947886179
35-39 years	M	2016	12805	10376442	123.404535003424
35-39 years	M	2017	13915	10615985	131.075919945252
35-39 years	M	2018	13979	10790190	129.552862368503
35-39 years	M	2019	14599	10884941	134.121076081166
35-39 years	M	2020	17784	10937588	162.595263233539
35-39 years	M	2021	19946	11263833	177.080040160397
35-39 years	M	2022	19769	11302300	174.911301239571
40-44 years	F	2000	3492	11312761	30.8677961109582
40-44 years	F	2001	3766	11500919	32.7452093176206
40-44 years	F	2002	4240	11536009	36.7544789536832
40-44 years	F	2003	4279	11546602	37.0585216325981
40-44 years	F	2004	4439	11562414	38.391636902121
40-44 years	F	2005	4412	11453723	38.5202261308397
40-44 years	F	2006	4454	11238163	39.6328118750369
40-44 years	F	2007	4377	10999163	39.7939370477554
40-44 years	F	2008	4200	10757924	39.0409896928069
40-44 years	F	2009	3954	10549441	37.4806589278048
40-44 years	F	2010	3848	10496987	36.6581381876533
40-44 years	F	2011	4085	10571486	38.6416819735655
40-44 years	F	2012	3911	10569227	37.0036522065426
40-44 years	F	2013	3985	10488928	37.9924430790258
40-44 years	F	2014	4095	10372090	39.480953211937
40-44 years	F	2015	4108	10185045	40.3336460467283
40-44 years	F	2016	4241	9919930	42.7523178086942
40-44 years	F	2017	4533	9890258	45.832980292324
40-44 years	F	2018	4336	9916891	43.7233806441958
40-44 years	F	2019	4395	10014484	43.8864348877086
40-44 years	F	2020	5437	10199608	53.3059701902269
40-44 years	F	2021	6296	10510756	59.9005437858133
40-44 years	F	2022	6455	10609527	60.8415436428033
40-44 years	M	2000	10199	11129102	91.642614112082
40-44 years	M	2001	10390	11314915	91.8257008559057
40-44 years	M	2002	10976	11353422	96.6756983048811
40-44 years	M	2003	11160	11343445	98.382810513032
40-44 years	M	2004	10790	11363212	94.9555460199106
40-44 years	M	2005	11117	11253162	98.7900111986302
40-44 years	M	2006	11042	11064405	99.7975037970863
40-44 years	M	2007	10779	10833176	99.4999065832587
40-44 years	M	2008	10165	10617099	95.7417840786829
40-44 years	M	2009	9754	10430574	93.5135496857604
40-44 years	M	2010	9244	10393977	88.9361213710594
40-44 years	M	2011	9494	10462159	90.7460878772727
40-44 years	M	2012	9571	10458994	91.5097570569407
40-44 years	M	2013	9414	10359992	90.8687960376803
40-44 years	M	2014	9369	10219393	91.6786349247945
40-44 years	M	2015	9982	10030153	99.5199175924834
40-44 years	M	2016	11049	9776321	113.01797475758
40-44 years	M	2017	11546	9753115	118.382691068443
40-44 years	M	2018	11638	9797410	118.786495614657
40-44 years	M	2019	12465	9907139	125.81836189035
40-44 years	M	2020	15181	10108280	150.183809708477
40-44 years	M	2021	17784	10593780	167.872090981689
40-44 years	M	2022	18612	10817889	172.048354350835
45-49 years	F	2000	2972	10202898	29.1289788450301
45-49 years	F	2001	3265	10505949	31.077630397787
45-49 years	F	2002	3814	10785791	35.3613378935305
45-49 years	F	2003	4086	11017265	37.0872444295386
45-49 years	F	2004	4514	11184506	40.3594043402543
45-49 years	F	2005	4576	11357088	40.2920185174228
45-49 years	F	2006	4869	11505455	42.3190564823382
45-49 years	F	2007	5109	11542213	44.2636087204421
45-49 years	F	2008	5217	11556983	45.1415391023765
45-49 years	F	2009	5122	11576574	44.2445234660963
45-49 years	F	2010	4933	11499506	42.8974949010853
45-49 years	F	2011	5049	11205304	45.059018479106
45-49 years	F	2012	4893	10962854	44.6325382058358
45-49 years	F	2013	4736	10710188	44.2195785918977
45-49 years	F	2014	4621	10540579	43.8400964501096
45-49 years	F	2015	4780	10518915	45.4419490983623
45-49 years	F	2016	5043	10571668	47.7029736461644
45-49 years	F	2017	5271	10587683	49.7842634691651
45-49 years	F	2018	4841	10483140	46.1789120435289
45-49 years	F	2019	4829	10312396	46.8271389112676
45-49 years	F	2020	5308	10097702	52.5664156062439
45-49 years	F	2021	5679	9905753	57.3303210770549
45-49 years	F	2022	5535	9779109	56.6002485502514
45-49 years	M	2000	8653	9889506	87.4967869982586
45-49 years	M	2001	9356	10193034	91.7881761210646
45-49 years	M	2002	9922	10466497	94.7977150330239
45-49 years	M	2003	10434	10705411	97.4647306861922
45-49 years	M	2004	10792	10880756	99.1842846213995
45-49 years	M	2005	11313	11060083	102.286754990898
45-49 years	M	2006	11978	11209831	106.852636761428
45-49 years	M	2007	11838	11257548	105.156113924631
45-49 years	M	2008	11875	11263990	105.424454389608
45-49 years	M	2009	11510	11285671	101.987732940292
45-49 years	M	2010	11281	11209085	100.641577791586
45-49 years	M	2011	11333	10952701	103.472193753851
45-49 years	M	2012	10796	10726625	100.646755153648
45-49 years	M	2013	10446	10498118	99.5035491123266
45-49 years	M	2014	10498	10347463	101.454820374811
45-49 years	M	2015	10838	10334929	104.867677368659
45-49 years	M	2016	11716	10375955	112.914907591639
45-49 years	M	2017	12595	10386175	121.266972682436
45-49 years	M	2018	12175	10263995	118.618530114249
45-49 years	M	2019	12164	10085355	120.610528831162
45-49 years	M	2020	13984	9872904	141.640190160869
45-49 years	M	2021	15172	9875757	153.62872942297
45-49 years	M	2022	15481	9844989	157.247509367456
5-9 years	F	2000	643	10026228	6.4131795127739
5-9 years	F	2001	568	9844298	5.7698375242196
5-9 years	F	2002	553	9699735	5.7011866819042
5-9 years	F	2003	509	9581247	5.31246089366029
5-9 years	F	2004	516	9503231	5.42973226684693
5-9 years	F	2005	511	9473900	5.39376603088485
5-9 years	F	2006	508	9555173	5.31649191490306
5-9 years	F	2007	475	9640683	4.92703680849168
5-9 years	F	2008	395	9748488	4.05191040908088
5-9 years	F	2009	381	9874744	3.85832787158837
5-9 years	F	2010	346	9959019	3.4742377738209
5-9 years	F	2011	363	9950009	3.64823790611647
5-9 years	F	2012	363	10016343	3.62407717067996
5-9 years	F	2013	363	10061607	3.60777358924872
5-9 years	F	2014	337	10041137	3.35619362627957
5-9 years	F	2015	380	10028044	3.78937308212848
5-9 years	F	2016	400	9999876	4.00004960061505
5-9 years	F	2017	381	9936097	3.83450362853744
5-9 years	F	2018	363	9879652	3.67421848461869
5-9 years	F	2019	376	9873133	3.80831494926686
5-9 years	F	2020	373	9890958	3.7711210582433
5-9 years	F	2021	436	9915390	4.39720474938454
5-9 years	F	2022	397	9777249	4.0604468598478
5-9 years	M	2000	931	10523277	8.84705401178739
5-9 years	M	2001	880	10329064	8.51964902144086
5-9 years	M	2002	806	10172682	7.9231809271144
5-9 years	M	2003	737	10039604	7.34092699273796
5-9 years	M	2004	767	9951006	7.70776341608075
5-9 years	M	2005	715	9915167	7.21117455712042
5-9 years	M	2006	717	9989515	7.17752563562896
5-9 years	M	2007	653	10073928	6.48207928426727
5-9 years	M	2008	593	10181114	5.82450997012704
5-9 years	M	2009	543	10307755	5.26787840805297
5-9 years	M	2010	573	10389638	5.51511034359426
5-9 years	M	2011	564	10384187	5.43133516374464
5-9 years	M	2012	555	10459193	5.30633673171534
5-9 years	M	2013	544	10508974	5.17652817487226
5-9 years	M	2014	546	10478429	5.21070477263338
5-9 years	M	2015	549	10459132	5.24900154238421
5-9 years	M	2016	571	10429923	5.47463293832562
5-9 years	M	2017	527	10368141	5.08287840607106
5-9 years	M	2018	545	10315990	5.28306056907771
5-9 years	M	2019	554	10322762	5.36678071237136
5-9 years	M	2020	550	10346753	5.31567729508958
5-9 years	M	2021	637	10376158	6.13907382674782
5-9 years	M	2022	565	10231946	5.5219212454796
50-54 years	F	2000	2426	8977824	27.0221381038434
50-54 years	F	2001	2721	9541132	28.5186286071716
50-54 years	F	2002	2988	9571812	31.2166599176833
50-54 years	F	2003	3266	9759654	33.4643010910018
50-54 years	F	2004	3426	9999623	34.2612916506952
50-54 years	F	2005	3678	10257441	35.8568964715469
50-54 years	F	2006	4066	10506120	38.7012522225141
50-54 years	F	2007	4487	10795749	41.5626558194341
50-54 years	F	2008	4536	11040553	41.0848985553532
50-54 years	F	2009	4820	11221280	42.9541014928778
50-54 years	F	2010	4860	11364851	42.7634291025901
50-54 years	F	2011	5249	11493652	45.6686873763013
50-54 years	F	2012	5367	11499014	46.6735669684375
50-54 years	F	2013	5390	11488260	46.917461826247
50-54 years	F	2014	5556	11493228	48.3415103224264
50-54 years	F	2015	5742	11370470	50.4992317819756
50-54 years	F	2016	5813	11108872	52.3275450468779
50-54 years	F	2017	5734	10880912	52.697788567723
50-54 years	F	2018	5372	10607357	50.6440954141545
50-54 years	F	2019	5224	10390540	50.2765015100274
50-54 years	F	2020	5593	10343739	54.0713565955212
50-54 years	F	2021	6296	10470724	60.1295574212442
50-54 years	F	2022	6044	10372906	58.2671818292772
50-54 years	M	2000	6612	8607724	76.8147305838338
50-54 years	M	2001	7108	9146153	77.7157346919519
50-54 years	M	2002	7636	9168094	83.2888493508029
50-54 years	M	2003	8141	9337624	87.1849198468475
50-54 years	M	2004	8777	9565045	91.7611992416136
50-54 years	M	2005	9481	9821292	96.5351605471052
50-54 years	M	2006	10102	10064753	100.370073662016
50-54 years	M	2007	10614	10344429	102.605953407385
50-54 years	M	2008	10854	10598921	102.406650639249
50-54 years	M	2009	10940	10783563	101.450698623451
50-54 years	M	2010	10996	10933274	100.573716528096
50-54 years	M	2011	11685	11066546	105.588500693893
50-54 years	M	2012	11817	11080245	106.6492663294
50-54 years	M	2013	11813	11070966	106.702522616364
50-54 years	M	2014	12126	11077581	109.464331608137
50-54 years	M	2015	12453	10963847	113.582394938565
50-54 years	M	2016	13036	10730184	121.489063002088
50-54 years	M	2017	13381	10520182	127.193616992558
50-54 years	M	2018	12754	10277207	124.099864875739
50-54 years	M	2019	12793	10086611	126.831499697966
50-54 years	M	2020	14456	10051788	143.815209791532
50-54 years	M	2021	16129	10436202	154.548560865342
50-54 years	M	2022	16304	10434641	156.248787092915
55-59 years	F	2000	1865	6960508	26.7940213559125
55-59 years	F	2001	1994	7209396	27.6583502973065
55-59 years	F	2002	2076	7801990	26.6085960120431
55-59 years	F	2003	2424	8141956	29.7717157891789
55-59 years	F	2004	2552	8547949	29.8551149521365
55-59 years	F	2005	2766	9007859	30.7065197179485
55-59 years	F	2006	3149	9473065	33.2416171534767
55-59 years	F	2007	3293	9509473	34.6286276852566
55-59 years	F	2008	3380	9702238	34.837323100093
55-59 years	F	2009	3580	9946217	35.9935842944106
55-59 years	F	2010	3872	10141157	38.1810477837982
55-59 years	F	2011	3985	10439497	38.172337230424
55-59 years	F	2012	4365	10704108	40.7787365374116
55-59 years	F	2013	4707	10912048	43.1358073204957
55-59 years	F	2014	5012	11067461	45.2859061351108
55-59 years	F	2015	5208	11210375	46.4569650881438
55-59 years	F	2016	5504	11296702	48.7221845809512
55-59 years	F	2017	5721	11307436	50.5950243715728
55-59 years	F	2018	5740	11271658	50.9241852440874
55-59 years	F	2019	5591	11234902	49.7645640344704
55-59 years	F	2020	5985	11091171	53.9618404585052
55-59 years	F	2021	6597	10937255	60.3167796672931
55-59 years	F	2022	6374	10593091	60.1712946674394
55-59 years	M	2000	4636	6508729	71.2274239717155
55-59 years	M	2001	4954	6759579	73.2885879431249
55-59 years	M	2002	5573	7341077	75.9152914483801
55-59 years	M	2003	6006	7672601	78.2785394418399
55-59 years	M	2004	6221	8059227	77.1910258887112
55-59 years	M	2005	6872	8495361	80.8912063889928
55-59 years	M	2006	7547	8923795	84.5716424458428
55-59 years	M	2007	7961	8945299	88.9964661885533
55-59 years	M	2008	8448	9112330	92.7095484908909
55-59 years	M	2009	8634	9334386	92.4967105495744
55-59 years	M	2010	9167	9523648	96.255132487047
55-59 years	M	2011	9723	9816051	99.0520526024162
55-59 years	M	2012	10175	10068409	101.058667759723
55-59 years	M	2013	10742	10282382	104.469956475066
55-59 years	M	2014	10991	10443988	105.237577829465
55-59 years	M	2015	11777	10597567	111.129280900041
55-59 years	M	2016	12960	10683406	121.30962728553
55-59 years	M	2017	13769	10700520	128.675989578077
55-59 years	M	2018	13788	10669327	129.230269163182
55-59 years	M	2019	14409	10642489	135.391260446687
55-59 years	M	2020	15414	10511928	146.633424429848
55-59 years	M	2021	16888	10630059	158.870237691061
55-59 years	M	2022	17067	10373923	164.518283006342
60-64 years	F	2000	1660	5668820	29.2829901108167
60-64 years	F	2001	1680	5834170	28.7958698495244
60-64 years	F	2002	1795	6051668	29.6612438091448
60-64 years	F	2003	1828	6377463	28.6634356012728
60-64 years	F	2004	2054	6637798	30.9439967892967
60-64 years	F	2005	2119	6860551	30.8867319840637
60-64 years	F	2006	2235	7058989	31.6617577956277
60-64 years	F	2007	2476	7639198	32.4117793517068
60-64 years	F	2008	2466	7979525	30.9040951685721
60-64 years	F	2009	2536	8383324	30.2505306964159
60-64 years	F	2010	2865	8740424	32.7787301851718
60-64 years	F	2011	3008	9264438	32.4682403832807
60-64 years	F	2012	3096	9279200	33.3649452539012
60-64 years	F	2013	3379	9447628	35.7655911092181
60-64 years	F	2014	3554	9688238	36.6836570282439
60-64 years	F	2015	3792	9952697	38.1002254966669
60-64 years	F	2016	4230	10167404	41.6035400973542
60-64 years	F	2017	4544	10430419	43.564884593802
60-64 years	F	2018	4582	10602115	43.2177919217062
60-64 years	F	2019	4757	10714416	44.398126785445
60-64 years	F	2020	5189	10823072	47.9438739758915
60-64 years	F	2021	5867	10902491	53.8133899858298
60-64 years	F	2022	5878	10820443	54.3230993407571
60-64 years	M	2000	3642	5136627	70.9025592086013
60-64 years	M	2001	3749	5302150	70.7071659609781
60-64 years	M	2002	4050	5508597	73.5214429372851
60-64 years	M	2003	4313	5816925	74.1457041306188
60-64 years	M	2004	4532	6060330	74.7814062930566
60-64 years	M	2005	4989	6277726	79.4714519238336
60-64 years	M	2006	4972	6474264	76.7963740743349
60-64 years	M	2007	5534	7034464	78.6698176293176
60-64 years	M	2008	6038	7362970	82.0049518061326
60-64 years	M	2009	6186	7741673	79.9052091195275
60-64 years	M	2010	6762	8077500	83.7140204271123
60-64 years	M	2011	7245	8542154	84.8146732077179
60-64 years	M	2012	7516	8534485	88.0662394977553
60-64 years	M	2013	7858	8674373	90.5886800118003
60-64 years	M	2014	8442	8877894	95.0901193458719
60-64 years	M	2015	9104	9117180	99.8554377559728
60-64 years	M	2016	9972	9315632	107.045877295282
60-64 years	M	2017	10770	9557283	112.688930525548
60-64 years	M	2018	11459	9729536	117.775400594643
60-64 years	M	2019	11980	9856730	121.541322527857
60-64 years	M	2020	13329	9977506	133.590498467252
60-64 years	M	2021	15380	10333259	148.839780363581
60-64 years	M	2022	16068	10297980	156.030600175957
65-69 years	F	2000	1704	5133183	33.1957773568564
65-69 years	F	2001	1764	5134618	34.3550386805795
65-69 years	F	2002	1751	5163814	33.9090447487071
65-69 years	F	2003	1774	5253706	33.7666401583948
65-69 years	F	2004	1828	5370418	34.0383188049794
65-69 years	F	2005	1931	5469500	35.304872474632
65-69 years	F	2006	1900	5609202	33.8729109773547
65-69 years	F	2007	1926	5824805	33.0654845956217
65-69 years	F	2008	2034	6147908	33.0844248157259
65-69 years	F	2009	2206	6407878	34.4263732861331
65-69 years	F	2010	2283	6582716	34.6817331934114
65-69 years	F	2011	2448	6801858	35.9901662163485
65-69 years	F	2012	2677	7370497	36.3204815089132
65-69 years	F	2013	2713	7695527	35.254245745613
65-69 years	F	2014	2935	8076160	36.3415286472779
65-69 years	F	2015	3129	8471278	36.9365755674646
65-69 years	F	2016	3446	8883164	38.7924842995131
65-69 years	F	2017	3655	8906513	41.0373846644585
65-69 years	F	2018	3817	9052080	42.1671041351822
65-69 years	F	2019	3847	9255228	41.5656967067694
65-69 years	F	2020	4023	9483316	42.4218701559665
65-69 years	F	2021	4726	9646107	48.9938583513536
65-69 years	F	2022	4866	9757521	49.8692239555518
65-69 years	M	2000	3298	4400362	74.9483792469801
65-69 years	M	2001	3545	4427615	80.0656787006097
65-69 years	M	2002	3658	4474667	81.749099988893
65-69 years	M	2003	3621	4577090	79.1114004749743
65-69 years	M	2004	3737	4703011	79.4597333495499
65-69 years	M	2005	3865	4809127	80.3680168978694
65-69 years	M	2006	4032	4943999	81.5534145536842
65-69 years	M	2007	4230	5145430	82.2088727278381
65-69 years	M	2008	4450	5446439	81.7047615882598
65-69 years	M	2009	4713	5684499	82.9096812225668
65-69 years	M	2010	4767	5852547	81.4517166628478
65-69 years	M	2011	5052	6071930	83.2025402137376
65-69 years	M	2012	5594	6606856	84.6696219805608
65-69 years	M	2013	5993	6913190	86.6893575903454
65-69 years	M	2014	6301	7249106	86.9210630938491
65-69 years	M	2015	7090	7596190	93.3362646273987
65-69 years	M	2016	7632	7936919	96.158219581175
65-69 years	M	2017	8080	7929868	101.893247151151
65-69 years	M	2018	8768	8034813	109.125128363286
65-69 years	M	2019	9189	8199773	112.064077871424
65-69 years	M	2020	9851	8390351	117.408675751467
65-69 years	M	2021	11448	8748213	130.861011271673
65-69 years	M	2022	12058	8873901	135.881615086758
70-74 years	F	2000	2273	4954529	45.8772165830496
70-74 years	F	2001	2237	4908508	45.5739300007253
70-74 years	F	2002	2218	4852844	45.705157635399
70-74 years	F	2003	2250	4794496	46.9288117040874
70-74 years	F	2004	2161	4739945	45.5912463119298
70-74 years	F	2005	2225	4729069	47.0494298137752
70-74 years	F	2006	2199	4741436	46.3783545744369
70-74 years	F	2007	2123	4770997	44.4980367835067
70-74 years	F	2008	2271	4856336	46.7636506205501
70-74 years	F	2009	2200	4967279	44.2898415812762
70-74 years	F	2010	2224	5034194	44.1778763392909
70-74 years	F	2011	2406	5203567	46.237513613258
70-74 years	F	2012	2417	5412033	44.6597424664632
70-74 years	F	2013	2522	5723597	44.0632001169894
70-74 years	F	2014	2859	5973085	47.8647131256294
70-74 years	F	2015	2859	6186891	46.2106088502287
70-74 years	F	2016	3089	6356057	48.5993124353668
70-74 years	F	2017	3498	6899793	50.6971730891057
70-74 years	F	2018	3638	7194151	50.5688579514108
70-74 years	F	2019	3911	7528626	51.948390051518
70-74 years	F	2020	4023	7882542	51.0368355791824
70-74 years	F	2021	4593	8150929	56.3494050800835
70-74 years	F	2022	4525	8120246	55.7249127674211
70-74 years	M	2000	3917	3902912	100.360961251496
70-74 years	M	2001	3887	3913438	99.3244303346572
70-74 years	M	2002	4051	3897210	103.946156352878
70-74 years	M	2003	3874	3875623	99.9581228617954
70-74 years	M	2004	3836	3854159	99.5288466303544
70-74 years	M	2005	4048	3874001	104.491454700192
70-74 years	M	2006	3718	3908390	95.1286847013732
70-74 years	M	2007	4004	3957495	101.175112034254
70-74 years	M	2008	4203	4054996	103.649917287218
70-74 years	M	2009	3973	4173443	95.1971789239724
70-74 years	M	2010	4262	4243972	100.424790738487
70-74 years	M	2011	4502	4404383	102.216360384644
70-74 years	M	2012	4587	4596006	99.804047253202
70-74 years	M	2013	4920	4884452	100.727778674046
70-74 years	M	2014	5336	5099939	104.628702421735
70-74 years	M	2015	5559	5296158	104.962880639135
70-74 years	M	2016	5994	5454190	109.8971616317
70-74 years	M	2017	6563	5947272	110.353116521323
70-74 years	M	2018	7089	6211272	114.131211771115
70-74 years	M	2019	7604	6499806	116.988107029656
70-74 years	M	2020	8013	6793189	117.956382488401
70-74 years	M	2021	9200	7120873	129.197641918343
70-74 years	M	2022	9459	7036771	134.42245029716
75-79 years	F	2000	3038	4371357	69.4978698834252
75-79 years	F	2001	3203	4378159	73.1586038789363
75-79 years	F	2002	3152	4368692	72.1497418449275
75-79 years	F	2003	3118	4365982	71.4157777104899
75-79 years	F	2004	3156	4321319	73.0332567440636
75-79 years	F	2005	3157	4299256	73.4313099754934
75-79 years	F	2006	3092	4269136	72.4268329704184
75-79 years	F	2007	3059	4225224	72.3985284567161
75-79 years	F	2008	3054	4178497	73.0884813367103
75-79 years	F	2009	2852	4135780	68.9591806140559
75-79 years	F	2010	2997	4135407	72.4717059288239
75-79 years	F	2011	2958	4155949	71.1750793862004
75-79 years	F	2012	3069	4198131	73.1039598335545
75-79 years	F	2013	3073	4287534	71.6729010195604
75-79 years	F	2014	3304	4410758	74.9077596186415
75-79 years	F	2015	3371	4512927	74.696532871017
75-79 years	F	2016	3436	4644276	73.9835444749623
75-79 years	F	2017	3749	4842445	77.4195680074838
75-79 years	F	2018	3952	5122392	77.1514558042415
75-79 years	F	2019	4317	5334166	80.9311146297284
75-79 years	F	2020	4342	5513149	78.7571676368623
75-79 years	F	2021	4815	5432359	88.6355264812211
75-79 years	F	2022	5150	5951314	86.5355113173326
75-79 years	M	2000	4432	3044456	145.576089784185
75-79 years	M	2001	4667	3077254	151.66118883914
75-79 years	M	2002	4615	3101769	148.786063694621
75-79 years	M	2003	4550	3131860	145.281078975433
75-79 years	M	2004	4521	3140080	143.977223510229
75-79 years	M	2005	4689	3164353	148.181950623082
75-79 years	M	2006	4629	3177898	145.66232144644
75-79 years	M	2007	4649	3175139	146.418786705086
75-79 years	M	2008	4571	3167246	144.320965280247
75-79 years	M	2009	4512	3159284	142.817169966359
75-79 years	M	2010	4543	3182388	142.754434720091
75-79 years	M	2011	4538	3232738	140.376362080688
75-79 years	M	2012	4585	3291452	139.300223731046
75-79 years	M	2013	4804	3390347	141.696410426425
75-79 years	M	2014	5118	3511566	145.746940254006
75-79 years	M	2015	5480	3610906	151.76246626193
75-79 years	M	2016	5712	3723619	153.399152813432
75-79 years	M	2017	6153	3898816	157.817142435037
75-79 years	M	2018	6704	4144674	161.749754021667
75-79 years	M	2019	7166	4318499	165.937285153939
75-79 years	M	2020	7131	4473684	159.398831030533
75-79 years	M	2021	7997	4472410	178.807399142744
75-79 years	M	2022	8688	4909686	176.956326738614
80-84 years	F	2000	3554	3110470	114.25925985462
80-84 years	F	2001	3825	3211574	119.100478456981
80-84 years	F	2002	4045	3295412	122.746412284716
80-84 years	F	2003	4077	3347175	121.804208026171
80-84 years	F	2004	4194	3417423	122.724052597527
80-84 years	F	2005	4297	3454579	124.385634255288
80-84 years	F	2006	4299	3463549	124.121240958335
80-84 years	F	2007	4251	3469267	122.533088401671
80-84 years	F	2008	4245	3477946	122.05479901068
80-84 years	F	2009	4155	3454860	120.265365311474
80-84 years	F	2010	4314	3448953	125.081437758067
80-84 years	F	2011	4338	3446248	125.876025172884
80-84 years	F	2012	4483	3426353	130.838824837955
80-84 years	F	2013	4378	3398468	128.822751898797
80-84 years	F	2014	4220	3378554	124.905506912129
80-84 years	F	2015	4505	3386676	133.021286949209
80-84 years	F	2016	4562	3412384	133.68952614946
80-84 years	F	2017	4670	3456231	135.118283471215
80-84 years	F	2018	4690	3536942	132.600421494048
80-84 years	F	2019	5002	3637483	137.512670162307
80-84 years	F	2020	5111	3715123	137.572834062291
80-84 years	F	2021	5489	3605202	152.252217767548
80-84 years	F	2022	5739	3834386	149.671942261421
80-84 years	M	2000	4130	1834897	225.080753851579
80-84 years	M	2001	4473	1926631	232.166927657657
80-84 years	M	2002	4544	1998991	227.314680256189
80-84 years	M	2003	4692	2051421	228.719507112387
80-84 years	M	2004	4920	2111081	233.055955692842
80-84 years	M	2005	5072	2156614	235.183486706476
80-84 years	M	2006	4871	2184568	222.9731461781
80-84 years	M	2007	5015	2217809	226.124071098999
80-84 years	M	2008	5081	2252413	225.580299882837
80-84 years	M	2009	5062	2272851	222.715875347746
80-84 years	M	2010	5067	2294374	220.844552806125
80-84 years	M	2011	5462	2340295	233.389380398625
80-84 years	M	2012	5404	2356698	229.303881956874
80-84 years	M	2013	5523	2370170	233.021260078391
80-84 years	M	2014	5538	2381812	232.512053848079
80-84 years	M	2015	5674	2412665	235.175625294021
80-84 years	M	2016	5788	2453255	235.931446180686
80-84 years	M	2017	6203	2509059	247.224158539118
80-84 years	M	2018	6228	2590366	240.429344733524
80-84 years	M	2019	6637	2679724	247.67476053504
80-84 years	M	2020	6845	2749591	248.946115985978
80-84 years	M	2021	7357	2696104	272.875230332361
80-84 years	M	2022	7836	2825159	277.364919992114
< 1 year	F	2000	571	1856631	30.7546302954114
< 1 year	F	2001	615	1962905	31.331113833833
< 1 year	F	2002	588	1932939	30.4199977340206
< 1 year	F	2003	574	1942634	29.5475112656321
< 1 year	F	2004	655	1962216	33.3806268015346
< 1 year	F	2005	678	1956682	34.6504950727814
< 1 year	F	2006	662	1975919	33.5033976595194
< 1 year	F	2007	761	2027181	37.5398151423085
< 1 year	F	2008	776	2022889	38.3609777896859
< 1 year	F	2009	663	1959169	33.8408784540793
< 1 year	F	2010	656	1929877	33.9918036227179
< 1 year	F	2011	680	1952827	34.8213128966365
< 1 year	F	2012	657	1926339	34.1061464259406
< 1 year	F	2013	646	1925056	33.557465341268
< 1 year	F	2014	638	1930493	33.0485528826056
< 1 year	F	2015	701	1942904	36.0800121879413
< 1 year	F	2016	698	1939667	35.9855583458398
< 1 year	F	2017	738	1924145	38.3546978008414
< 1 year	F	2018	642	1879703	34.1543318279537
< 1 year	F	2019	687	1847935	37.1766322949671
< 1 year	F	2020	656	1826869	35.9084313106194
< 1 year	F	2021	707	1742991	40.5624584406919
< 1 year	F	2022	734	1800246	40.772205576349
< 1 year	M	2000	743	1949017	38.1217813903111
< 1 year	M	2001	802	2049753	39.1266655055512
< 1 year	M	2002	777	2018522	38.4935115891727
< 1 year	M	2003	802	2033237	39.4444917144435
< 1 year	M	2004	842	2052042	41.0322985591913
< 1 year	M	2005	834	2047711	40.7284035686677
< 1 year	M	2006	936	2065819	45.3089065402148
< 1 year	M	2007	986	2120816	46.4915391057027
< 1 year	M	2008	997	2109846	47.2546337505202
< 1 year	M	2009	964	2044418	47.1527838240516
< 1 year	M	2010	895	2014276	44.4328383995043
< 1 year	M	2011	864	2043710	42.2760567790929
< 1 year	M	2012	908	2016738	45.023200832235
< 1 year	M	2013	906	2016727	44.9242758191862
< 1 year	M	2014	860	2017857	42.6194720438564
< 1 year	M	2015	955	2035134	46.9256569837662
< 1 year	M	2016	936	2030478	46.0975198943303
< 1 year	M	2017	1009	2015150	50.070714338883
< 1 year	M	2018	924	1968505	46.9391746528457
< 1 year	M	2019	987	1935117	51.004667934807
< 1 year	M	2020	902	1908141	47.2711398161876
< 1 year	M	2021	976	1821502	53.5821536292576
< 1 year	M	2022	1015	1882867	53.9071532933553
