Age_groups	Gender	Year	Deaths	Population	Crude Rate
1-4 years	F	2000	2155	7508434	28.7010580368689
1-4 years	F	2001	2208	7468536	29.564027006096
1-4 years	F	2002	2052	7564711	27.1259536550702
1-4 years	F	2003	2139	7636693	28.0095062090358
1-4 years	F	2004	2136	7713175	27.6928761502235
1-4 years	F	2005	1991	7785123	25.5744193123217
1-4 years	F	2006	2090	7775092	26.8807108649004
1-4 years	F	2007	2069	7813088	26.4812069184425
1-4 years	F	2008	2037	7891294	25.8132569892846
1-4 years	F	2009	1955	7943260	24.6120610429471
1-4 years	F	2010	1856	7952058	23.3398700059783
1-4 years	F	2011	1841	7909731	23.2751278140812
1-4 years	F	2012	1823	7856870	23.2026239456679
1-4 years	F	2013	1745	7790614	22.3987480319266
1-4 years	F	2014	1658	7790662	21.281888496767
1-4 years	F	2015	1684	7786776	21.6264086702892
1-4 years	F	2016	1789	7800517	22.9343772983252
1-4 years	F	2017	1648	7818747	21.0775460569321
1-4 years	F	2018	1587	7798370	20.3504065593194
1-4 years	F	2019	1635	7719541	21.1800157548227
1-4 years	F	2020	1503	7613266	19.7418558605466
1-4 years	F	2021	1711	7459995	22.9356722088956
1-4 years	F	2022	1803	7263012	24.8244116903566
1-4 years	M	2000	2824	7861716	35.9209109054563
1-4 years	M	2001	2899	7817023	37.0857294394554
1-4 years	M	2002	2806	7913020	35.4605447730449
1-4 years	M	2003	2826	7979882	35.4140575011009
1-4 years	M	2004	2649	8058452	32.8723184055697
1-4 years	M	2005	2765	8127884	34.0186941644344
1-4 years	M	2006	2541	8122053	31.2851935341963
1-4 years	M	2007	2634	8164877	32.2601308017255
1-4 years	M	2008	2693	8247098	32.6539105028217
1-4 years	M	2009	2495	8297671	30.0686783074431
1-4 years	M	2010	2460	8305151	29.620171866833
1-4 years	M	2011	2405	8255790	29.1310704366269
1-4 years	M	2012	2395	8199397	29.20946503749
1-4 years	M	2013	2323	8135691	28.5531984929123
1-4 years	M	2014	2172	8137871	26.6900274039733
1-4 years	M	2015	2281	8142467	28.0136228983182
1-4 years	M	2016	2256	8156375	27.6593462169162
1-4 years	M	2017	2232	8180818	27.2833352361585
1-4 years	M	2018	2243	8163697	27.4752970376044
1-4 years	M	2019	2041	8074090	25.278390505927
1-4 years	M	2020	2026	7953016	25.4746123986171
1-4 years	M	2021	2105	7802850	26.9773223886144
1-4 years	M	2022	2353	7592228	30.9922199386004
10-14 years	F	2000	1609	10007875	16.0773390954623
10-14 years	F	2001	1561	10231469	15.2568511911633
10-14 years	F	2002	1636	10371422	15.7741146778137
10-14 years	F	2003	1546	10444875	14.8015174906354
10-14 years	F	2004	1592	10443706	15.2436309486307
10-14 years	F	2005	1468	10348382	14.1857925229277
10-14 years	F	2006	1340	10261944	13.0579547111152
10-14 years	F	2007	1370	10170082	13.4708845022095
10-14 years	F	2008	1265	10108474	12.5142528931667
10-14 years	F	2009	1278	10088732	12.6675978705748
10-14 years	F	2010	1220	10097332	12.0823995883269
10-14 years	F	2011	1151	10117822	11.3759660923072
10-14 years	F	2012	1150	10102004	11.3838798717561
10-14 years	F	2013	1219	10097931	12.0717798527243
10-14 years	F	2014	1122	10120287	11.0866421080746
10-14 years	F	2015	1233	10101942	12.2055739381596
10-14 years	F	2016	1249	10099501	12.3669476343435
10-14 years	F	2017	1247	10173382	12.2574774052523
10-14 years	F	2018	1325	10220687	12.9639035027685
10-14 years	F	2019	1268	10180007	12.4557871129165
10-14 years	F	2020	1296	10159455	12.7565897973858
10-14 years	F	2021	1450	10459561	13.8629145142898
10-14 years	F	2022	1508	10187986	14.8017478626296
10-14 years	M	2000	2551	10520197	24.248595344745
10-14 years	M	2001	2441	10747209	22.7128736400306
10-14 years	M	2002	2496	10889999	22.920112297531
10-14 years	M	2003	2510	10970478	22.879586468338
10-14 years	M	2004	2354	10967974	21.4624870554945
10-14 years	M	2005	2297	10864197	21.142841942207
10-14 years	M	2006	2074	10771194	19.255061230909
10-14 years	M	2007	2066	10670960	19.3609572147211
10-14 years	M	2008	1884	10598181	17.7766354433841
10-14 years	M	2009	1850	10571832	17.4993321876473
10-14 years	M	2010	1729	10579862	16.3423681707758
10-14 years	M	2011	1799	10587030	16.9924898673188
10-14 years	M	2012	1716	10567214	16.2389064894493
10-14 years	M	2013	1694	10552523	16.0530330045241
10-14 years	M	2014	1771	10551219	16.7847904588086
10-14 years	M	2015	1776	10520388	16.8815066516558
10-14 years	M	2016	1764	10518732	16.7700821734027
10-14 years	M	2017	1970	10605072	18.5760172113872
10-14 years	M	2018	1795	10658840	16.8404817034499
10-14 years	M	2019	1896	10618261	17.8560312277123
10-14 years	M	2020	2117	10594968	19.9811835203278
10-14 years	M	2021	2119	10988223	19.284282818068
10-14 years	M	2022	2164	10701853	20.2207972768828
15-19 years	F	2000	3866	9828886	39.3330434395108
15-19 years	F	2001	3789	9908897	38.2383629580568
15-19 years	F	2002	3968	9981879	39.752034662011
15-19 years	F	2003	3889	10086567	38.5562302813237
15-19 years	F	2004	4028	10242793	39.3252113949779
15-19 years	F	2005	3817	10434789	36.5795609283523
15-19 years	F	2006	3821	10597293	36.0563777938385
15-19 years	F	2007	3741	10731326	34.8605568407856
15-19 years	F	2008	3449	10805148	31.9199699994854
15-19 years	F	2009	3344	10804571	30.9498637197164
15-19 years	F	2010	3021	10736677	28.1371973842559
15-19 years	F	2011	2976	10525097	28.275273852583
15-19 years	F	2012	2850	10397841	27.4095362681541
15-19 years	F	2013	2721	10312774	26.3847535105491
15-19 years	F	2014	2758	10283624	26.8193391745945
15-19 years	F	2015	2999	10311036	29.0853411820112
15-19 years	F	2016	3099	10328153	30.0053649476339
15-19 years	F	2017	3037	10331169	29.3964797207363
15-19 years	F	2018	3000	10322313	29.0632535556711
15-19 years	F	2019	2897	10308963	28.1017596047245
15-19 years	F	2020	3327	10266332	32.4069005366279
15-19 years	F	2021	3703	10541690	35.1271949753787
15-19 years	F	2022	3565	10553749	33.7794654771494
15-19 years	M	2000	9697	10391004	93.3211073732625
15-19 years	M	2001	9766	10547387	92.5916532691936
15-19 years	M	2002	9844	10628491	92.6189804366396
15-19 years	M	2003	9706	10710599	90.6205152484936
15-19 years	M	2004	9678	10859759	89.1179997640832
15-19 years	M	2005	9886	11051425	89.4545273573318
15-19 years	M	2006	9918	11210416	88.4712931259643
15-19 years	M	2007	9558	11336490	84.3118107985805
15-19 years	M	2008	8958	11405732	78.5394571781978
15-19 years	M	2009	8176	11388239	71.7933650672418
15-19 years	M	2010	7866	11303666	69.5880433834475
15-19 years	M	2011	7618	11118946	68.5136882578619
15-19 years	M	2012	7224	10962861	65.8952074645478
15-19 years	M	2013	6759	10846190	62.3168135538839
15-19 years	M	2014	6828	10784023	63.3158886994214
15-19 years	M	2015	7187	10797867	66.559441786049
15-19 years	M	2016	7713	10801846	71.4044617929195
15-19 years	M	2017	7849	10800491	72.6726220132029
15-19 years	M	2018	7380	10774908	68.4924641583947
15-19 years	M	2019	7361	10745607	68.5024121950486
15-19 years	M	2020	8951	10694597	83.6964684129752
15-19 years	M	2021	9704	11022976	88.0343021703032
15-19 years	M	2022	9180	11082043	82.8367116063347
20-24 years	F	2000	4370	9276187	47.1098739169445
20-24 years	F	2001	4500	9676950	46.5022553593849
20-24 years	F	2002	4662	9916245	47.013763778527
20-24 years	F	2003	5009	10093723	49.6249005446256
20-24 years	F	2004	4806	10190641	47.1609195142877
20-24 years	F	2005	4908	10222806	48.0103016725545
20-24 years	F	2006	4996	10238784	48.7948568892556
20-24 years	F	2007	4925	10270163	47.9544482400133
20-24 years	F	2008	4722	10339566	45.6692282828892
20-24 years	F	2009	4760	10459413	45.5092460733695
20-24 years	F	2010	4740	10571823	44.8361649641694
20-24 years	F	2011	4767	10841132	43.9714229104488
20-24 years	F	2012	4876	11033747	44.1916966194712
20-24 years	F	2013	4901	11116473	44.0877245867462
20-24 years	F	2014	4916	11172747	43.999922310959
20-24 years	F	2015	5149	11071459	46.5069689550402
20-24 years	F	2016	5463	10889963	50.1654596989907
20-24 years	F	2017	5485	10769493	50.9309026896624
20-24 years	F	2018	5146	10672032	48.2194955937164
20-24 years	F	2019	5126	10568188	48.5040576492394
20-24 years	F	2020	6005	10561909	56.855252208668
20-24 years	F	2021	6693	10550759	63.4361944955808
20-24 years	F	2022	6030	11103791	54.3057771890699
20-24 years	M	2000	13374	9687814	138.049718956206
20-24 years	M	2001	14197	10080336	140.838559349609
20-24 years	M	2002	14572	10327520	141.098734255659
20-24 years	M	2003	14964	10497965	142.541911694314
20-24 years	M	2004	14909	10654919	139.925981605304
20-24 years	M	2005	15623	10737149	145.504174339017
20-24 years	M	2006	16152	10797351	149.592247209524
20-24 years	M	2007	15758	10807836	145.801620231839
20-24 years	M	2008	15069	10841046	138.999502446535
20-24 years	M	2009	14136	10924709	129.394750926546
20-24 years	M	2010	13924	11014176	126.418898699276
20-24 years	M	2011	14306	11312700	126.459642702449
20-24 years	M	2012	14232	11549456	123.2265831395
20-24 years	M	2013	14105	11678965	120.772688333256
20-24 years	M	2014	14289	11739427	121.718036152872
20-24 years	M	2015	15159	11667854	129.921063462056
20-24 years	M	2016	16300	11491065	141.849341205537
20-24 years	M	2017	15654	11349142	137.931131710221
20-24 years	M	2018	14628	11201547	130.589105236982
20-24 years	M	2019	14387	11064752	130.025508027654
20-24 years	M	2020	17533	11032846	158.916384765998
20-24 years	M	2021	18207	10973238	165.921854606635
20-24 years	M	2022	16457	11601988	141.846380120372
25-29 years	F	2000	5062	9582576	52.8250441217476
25-29 years	F	2001	5205	9303113	55.9490140558327
25-29 years	F	2002	5005	9248586	54.1163806013157
25-29 years	F	2003	5207	9307104	55.9465113960261
25-29 years	F	2004	5217	9479080	55.0369867117906
25-29 years	F	2005	5326	9712544	54.8363024146918
25-29 years	F	2006	5716	10014422	57.077682566203
25-29 years	F	2007	5824	10229259	56.9347202959667
25-29 years	F	2008	5786	10393532	55.6692373680093
25-29 years	F	2009	6041	10466871	57.7154337719458
25-29 years	F	2010	5834	10466258	55.7410298886192
25-29 years	F	2011	5880	10518279	55.902681417749
25-29 years	F	2012	6041	10553440	57.2419988174472
25-29 years	F	2013	6033	10620319	56.8062032788281
25-29 years	F	2014	6306	10826549	58.245706919167
25-29 years	F	2015	6725	11052155	60.8478617970884
25-29 years	F	2016	7542	11259410	66.983971629064
25-29 years	F	2017	7891	11468230	68.8074794453896
25-29 years	F	2018	7832	11542918	67.8511274185609
25-29 years	F	2019	7527	11504446	65.4268793125718
25-29 years	F	2020	9142	11356117	80.5028690704754
25-29 years	F	2021	9802	11013419	89.0005183676386
25-29 years	F	2022	8818	10840422	81.3436967675244
25-29 years	M	2000	12619	9798760	128.781600937261
25-29 years	M	2001	13006	9516234	136.671712780497
25-29 years	M	2002	12954	9442754	137.184554421305
25-29 years	M	2003	13043	9464481	137.809986622616
25-29 years	M	2004	13554	9627975	140.777266247575
25-29 years	M	2005	14242	9822166	144.998567525737
25-29 years	M	2006	15181	10095589	150.372603322104
25-29 years	M	2007	15107	10313439	146.478783653057
25-29 years	M	2008	15000	10509136	142.73295159564
25-29 years	M	2009	14571	10611357	137.315142634443
25-29 years	M	2010	14429	10635591	135.667119956004
25-29 years	M	2011	14692	10761515	136.523528518057
25-29 years	M	2012	14951	10844886	137.862214503684
25-29 years	M	2013	15023	10959879	137.072681185623
25-29 years	M	2014	15619	11161389	139.937780145464
25-29 years	M	2015	17173	11409399	150.51625418657
25-29 years	M	2016	19511	11631474	167.743142442652
25-29 years	M	2017	20385	11902230	171.270425794158
25-29 years	M	2018	19629	12018838	163.318616991093
25-29 years	M	2019	19442	12004570	161.954988808429
25-29 years	M	2020	23554	11875126	198.347369114231
25-29 years	M	2021	25393	11379058	223.155554704089
25-29 years	M	2022	22477	11352742	197.987411323185
30-34 years	F	2000	7499	10188619	73.6017315006087
30-34 years	F	2001	7721	10263930	75.2245972059435
30-34 years	F	2002	7614	10270193	74.1368735718988
30-34 years	F	2003	7491	10193818	73.4857145772075
30-34 years	F	2004	7292	10041145	72.6212000723025
30-34 years	F	2005	7316	9835154	74.3862272009162
30-34 years	F	2006	7048	9611918	73.3256359448759
30-34 years	F	2007	6956	9559334	72.7665755794284
30-34 years	F	2008	6854	9625879	71.2038869385331
30-34 years	F	2009	7262	9800559	74.0978142165156
30-34 years	F	2010	7233	9965599	72.5796813618529
30-34 years	F	2011	7783	10228056	76.0946166114069
30-34 years	F	2012	7767	10417089	74.5601770321824
30-34 years	F	2013	7968	10582777	75.2921468533259
30-34 years	F	2014	8174	10719741	76.2518422786521
30-34 years	F	2015	9011	10785909	83.5441871426877
30-34 years	F	2016	9817	10818095	90.7461064078287
30-34 years	F	2017	10175	10883081	93.4937450157726
30-34 years	F	2018	10148	10944147	92.725362698436
30-34 years	F	2019	10300	11076695	92.9880257603915
30-34 years	F	2020	12512	11269150	111.028782117551
30-34 years	F	2021	14562	11428324	127.4202586486
30-34 years	F	2022	13040	11471316	113.674839050724
30-34 years	M	2000	15271	10321769	147.949445487493
30-34 years	M	2001	15751	10388245	151.623301144707
30-34 years	M	2002	15782	10388113	151.923645805547
30-34 years	M	2003	15559	10278392	151.375818318663
30-34 years	M	2004	14805	10118356	146.318235887332
30-34 years	M	2005	15041	9888783	152.101628683732
30-34 years	M	2006	15007	9673250	155.139172460135
30-34 years	M	2007	14685	9611431	152.786822274436
30-34 years	M	2008	14635	9678926	151.204792763164
30-34 years	M	2009	14628	9844555	148.589753422069
30-34 years	M	2010	14763	9996500	147.681688591007
30-34 years	M	2011	15393	10282648	149.698793540341
30-34 years	M	2012	15832	10493906	150.868513592556
30-34 years	M	2013	16439	10681612	153.899991873886
30-34 years	M	2014	17078	10808825	158.000522721017
30-34 years	M	2015	18608	10889739	170.876455349389
30-34 years	M	2016	20746	10968264	189.145702546912
30-34 years	M	2017	21764	11089131	196.264251905763
30-34 years	M	2018	21235	11191871	189.735925297924
30-34 years	M	2019	21909	11354610	192.952466002795
30-34 years	M	2020	28278	11569253	244.423732457057
30-34 years	M	2021	32517	11674304	278.534806014988
30-34 years	M	2022	30034	11836820	253.733688608934
35-39 years	F	2000	12888	11387968	113.172077757858
35-39 years	F	2001	13168	11141510	118.188647678816
35-39 years	F	2002	12721	10903446	116.669537318752
35-39 years	F	2003	12314	10660101	115.514853001862
35-39 years	F	2004	11459	10453320	109.620675536576
35-39 years	F	2005	11409	10411620	109.579489070865
35-39 years	F	2006	11368	10489448	108.375578962782
35-39 years	F	2007	11126	10502839	105.933262425521
35-39 years	F	2008	10760	10437809	103.086768497105
35-39 years	F	2009	10729	10292169	104.244304577587
35-39 years	F	2010	10398	10137620	102.568452950495
35-39 years	F	2011	10125	9832998	102.969613133248
35-39 years	F	2012	10004	9773586	102.357517496649
35-39 years	F	2013	10277	9818501	104.669745412258
35-39 years	F	2014	10825	9981814	108.447222118144
35-39 years	F	2015	11227	10201161	110.056100477191
35-39 years	F	2016	12468	10397463	119.913867450165
35-39 years	F	2017	12796	10616012	120.534905197922
35-39 years	F	2018	13094	10773397	121.540123324147
35-39 years	F	2019	13397	10852580	123.445300564474
35-39 years	F	2020	16015	10890716	147.051855911035
35-39 years	F	2021	18923	11035485	171.474112827846
35-39 years	F	2022	16595	10965649	151.336231900182
35-39 years	M	2000	23252	11318696	205.430024801444
35-39 years	M	2001	23727	11094408	213.864498222888
35-39 years	M	2002	22626	10847772	208.577392666439
35-39 years	M	2003	21741	10604058	205.025283716856
35-39 years	M	2004	20485	10421329	196.56801929965
35-39 years	M	2005	20011	10387033	192.653667317703
35-39 years	M	2006	20131	10451785	192.608248256159
35-39 years	M	2007	19755	10461052	188.843340038841
35-39 years	M	2008	19104	10379654	184.052377853828
35-39 years	M	2009	18781	10215627	183.845788418078
35-39 years	M	2010	17614	10042022	175.402921841836
35-39 years	M	2011	17353	9761311	177.773251974043
35-39 years	M	2012	17368	9714613	178.782211911066
35-39 years	M	2013	17544	9785269	179.289910170073
35-39 years	M	2014	18500	9939836	186.119770990185
35-39 years	M	2015	20190	10173424	198.458257514874
35-39 years	M	2016	22809	10376442	219.815231463733
35-39 years	M	2017	24105	10615985	227.063244720108
35-39 years	M	2018	24523	10790190	227.271252869505
35-39 years	M	2019	25241	10884941	231.889176064436
35-39 years	M	2020	32066	10937588	293.172498360699
35-39 years	M	2021	37480	11263833	332.74641056912
35-39 years	M	2022	33877	11302300	299.735452076126
40-44 years	F	2000	19613	11312761	173.370585659858
40-44 years	F	2001	20342	11500919	176.872822076218
40-44 years	F	2002	20826	11536009	180.530372332407
40-44 years	F	2003	20712	11546602	179.377448014576
40-44 years	F	2004	20226	11562414	174.928868660126
40-44 years	F	2005	20067	11453723	175.200674924651
40-44 years	F	2006	19525	11238163	173.738359196249
40-44 years	F	2007	18375	10999163	167.058166153188
40-44 years	F	2008	17924	10757924	166.612071250922
40-44 years	F	2009	17381	10549441	164.757544973236
40-44 years	F	2010	16201	10496987	154.339526189753
40-44 years	F	2011	16553	10571486	156.581581813569
40-44 years	F	2012	16229	10569227	153.549545297873
40-44 years	F	2013	16224	10488928	154.677389338548
40-44 years	F	2014	16478	10372090	158.868656172478
40-44 years	F	2015	16191	10185045	158.968369801017
40-44 years	F	2016	16109	9919930	162.390258802229
40-44 years	F	2017	16208	9890258	163.878434718285
40-44 years	F	2018	15910	9916891	160.433345491042
40-44 years	F	2019	16153	10014484	161.296378325633
40-44 years	F	2020	19981	10199608	195.899685556543
40-44 years	F	2021	24427	10510756	232.400029074978
40-44 years	F	2022	21524	10609527	202.874265742478
40-44 years	M	2000	34045	11129102	305.909677168922
40-44 years	M	2001	34437	11314915	304.350496667452
40-44 years	M	2002	34967	11353422	307.986437921536
40-44 years	M	2003	34694	11343445	305.850647664797
40-44 years	M	2004	33192	11363212	292.100508201378
40-44 years	M	2005	33298	11253162	295.899054861203
40-44 years	M	2006	32019	11064405	289.387454634931
40-44 years	M	2007	30350	10833176	280.157914908795
40-44 years	M	2008	28582	10617099	269.207247667183
40-44 years	M	2009	27774	10430574	266.274895322156
40-44 years	M	2010	25820	10393977	248.413095391687
40-44 years	M	2011	25862	10462159	247.195631417951
40-44 years	M	2012	25561	10458994	244.392529530087
40-44 years	M	2013	25528	10359992	246.409456686839
40-44 years	M	2014	25193	10219393	246.521491051377
40-44 years	M	2015	25480	10030153	254.03401124589
40-44 years	M	2016	26406	9776321	270.101605706277
40-44 years	M	2017	26687	9753115	273.625400705313
40-44 years	M	2018	26853	9797410	274.082640207973
40-44 years	M	2019	28195	9907139	284.59275679891
40-44 years	M	2020	36428	10108280	360.377828869006
40-44 years	M	2021	44109	10593780	416.366962500637
40-44 years	M	2022	39609	10817889	366.143523935215
45-49 years	F	2000	25711	10202898	251.997030647567
45-49 years	F	2001	27117	10505949	258.110904593198
45-49 years	F	2002	28364	10785791	262.975613007892
45-49 years	F	2003	29034	11017265	263.531829360554
45-49 years	F	2004	29413	11184506	262.979875910478
45-49 years	F	2005	30104	11357088	265.067946994863
45-49 years	F	2006	30250	11505455	262.918763317053
45-49 years	F	2007	29834	11542213	258.477295471848
45-49 years	F	2008	30078	11556983	260.258235215886
45-49 years	F	2009	30034	11576574	259.437723112209
45-49 years	F	2010	28623	11499506	248.906344324704
45-49 years	F	2011	28160	11205304	251.309558401985
45-49 years	F	2012	27092	10962854	247.125429199367
45-49 years	F	2013	26302	10710188	245.579255938364
45-49 years	F	2014	25735	10540579	244.151673261972
45-49 years	F	2015	25570	10518915	243.085907624503
45-49 years	F	2016	25816	10571668	244.199874608245
45-49 years	F	2017	25475	10587683	240.60977269531
45-49 years	F	2018	24904	10483140	237.562409736014
45-49 years	F	2019	24381	10312396	236.424202484078
45-49 years	F	2020	28277	10097702	280.034011698899
45-49 years	F	2021	31921	9905753	322.247082074427
45-49 years	F	2022	27018	9779109	276.282839264804
45-49 years	M	2000	45121	9889506	456.251303149015
45-49 years	M	2001	46567	10193034	456.8512181947
45-49 years	M	2002	47701	10466497	455.749426001842
45-49 years	M	2003	49139	10705411	459.010868429059
45-49 years	M	2004	48514	10880756	445.86975390313
45-49 years	M	2005	49279	11060083	445.557234968309
45-49 years	M	2006	49018	11209831	437.276886689906
45-49 years	M	2007	47904	11257548	425.52783252623
45-49 years	M	2008	47339	11263990	420.268483903128
45-49 years	M	2009	46373	11285671	410.901575989589
45-49 years	M	2010	44946	11209085	400.97831357332
45-49 years	M	2011	43514	10952701	397.290129621908
45-49 years	M	2012	41387	10726625	385.834314148206
45-49 years	M	2013	40531	10498118	386.078723824594
45-49 years	M	2014	39281	10347463	379.619622703652
45-49 years	M	2015	38807	10334929	375.493629419225
45-49 years	M	2016	39769	10375955	383.280382384079
45-49 years	M	2017	40223	10386175	387.274429710649
45-49 years	M	2018	39969	10263995	389.40977660258
45-49 years	M	2019	39358	10085355	390.249029409475
45-49 years	M	2020	48154	9872904	487.738967177236
45-49 years	M	2021	54223	9875757	549.051581564836
45-49 years	M	2022	46125	9844989	468.512458469989
5-9 years	F	2000	1403	10026228	13.9932983770168
5-9 years	F	2001	1366	9844298	13.8760529191619
5-9 years	F	2002	1316	9699735	13.5673809645315
5-9 years	F	2003	1258	9581247	13.1298149395376
5-9 years	F	2004	1243	9503231	13.0797620304084
5-9 years	F	2005	1281	9473900	13.5213586801634
5-9 years	F	2006	1184	9555173	12.3911937544197
5-9 years	F	2007	1192	9640683	12.3642692120465
5-9 years	F	2008	1106	9748488	11.3453491454264
5-9 years	F	2009	1125	9874744	11.3927004082334
5-9 years	F	2010	1005	9959019	10.0913553834971
5-9 years	F	2011	1071	9950009	10.7638093593684
5-9 years	F	2012	1014	10016343	10.123455237106
5-9 years	F	2013	1044	10061607	10.3760761079219
5-9 years	F	2014	1000	10041137	9.95903153198687
5-9 years	F	2015	1025	10028044	10.2213352873202
5-9 years	F	2016	1113	9999876	11.1301380137114
5-9 years	F	2017	1055	9936097	10.617851254874
5-9 years	F	2018	1044	9879652	10.5671738235314
5-9 years	F	2019	1043	9873133	10.5640225853333
5-9 years	F	2020	965	9890958	9.75638557963748
5-9 years	F	2021	1031	9915390	10.3979772858153
5-9 years	F	2022	1144	9777249	11.7006327649015
5-9 years	M	2000	1850	10523277	17.5800751039814
5-9 years	M	2001	1727	10329064	16.7198112045777
5-9 years	M	2002	1702	10172682	16.731084290259
5-9 years	M	2003	1640	10039604	16.335305655482
5-9 years	M	2004	1645	9951006	16.5309919419202
5-9 years	M	2005	1556	9915167	15.6931295257054
5-9 years	M	2006	1551	9989515	15.5262793038501
5-9 years	M	2007	1519	10073928	15.0785274621776
5-9 years	M	2008	1396	10181114	13.7116625940933
5-9 years	M	2009	1398	10307755	13.5626040781916
5-9 years	M	2010	1325	10389638	12.7530911086604
5-9 years	M	2011	1380	10384187	13.2894371027794
5-9 years	M	2012	1320	10459193	12.6204765511068
5-9 years	M	2013	1383	10508974	13.1601810033977
5-9 years	M	2014	1357	10478429	12.9504146089075
5-9 years	M	2015	1377	10459132	13.1655284587669
5-9 years	M	2016	1377	10429923	13.2023985220217
5-9 years	M	2017	1299	10368141	12.5287647997843
5-9 years	M	2018	1286	10315990	12.4660842051999
5-9 years	M	2019	1290	10322762	12.4966554493846
5-9 years	M	2020	1245	10346753	12.032760422521
5-9 years	M	2021	1375	10376158	13.2515329855232
5-9 years	M	2022	1423	10231946	13.9074228890575
50-54 years	F	2000	34232	8977824	381.295066599657
50-54 years	F	2001	36100	9541132	378.36181283311
50-54 years	F	2002	36299	9571812	379.228091817934
50-54 years	F	2003	37065	9759654	379.777807696871
50-54 years	F	2004	37121	9999623	371.223995144617
50-54 years	F	2005	38954	10257441	379.763334734268
50-54 years	F	2006	39609	10506120	377.008829139587
50-54 years	F	2007	40396	10795749	374.184320143049
50-54 years	F	2008	41426	11040553	375.216712423735
50-54 years	F	2009	42714	11221280	380.65176165286
50-54 years	F	2010	42566	11364851	374.540766086595
50-54 years	F	2011	43378	11493652	377.408329397828
50-54 years	F	2012	43157	11499014	375.310439660305
50-54 years	F	2013	43425	11488260	377.994578813502
50-54 years	F	2014	43805	11493228	381.1374837426
50-54 years	F	2015	43377	11370470	381.488188263106
50-54 years	F	2016	42614	11108872	383.603303737769
50-54 years	F	2017	40863	10880912	375.547564395337
50-54 years	F	2018	38903	10607357	366.754885312147
50-54 years	F	2019	37165	10390540	357.681121481655
50-54 years	F	2020	43021	10343739	415.913433237246
50-54 years	F	2021	48342	10470724	461.687272054922
50-54 years	F	2022	41419	10372906	399.299868330051
50-54 years	M	2000	55277	8607724	642.179047562399
50-54 years	M	2001	58281	9146153	637.21873010434
50-54 years	M	2002	60021	9168094	654.67260697807
50-54 years	M	2003	61543	9337624	659.086294329264
50-54 years	M	2004	62649	9565045	654.978622682904
50-54 years	M	2005	65193	9821292	663.792503063752
50-54 years	M	2006	66154	10064753	657.283889629482
50-54 years	M	2007	66552	10344429	643.360788691188
50-54 years	M	2008	67699	10598921	638.734829705779
50-54 years	M	2009	68447	10783563	634.73454923943
50-54 years	M	2010	67072	10933274	613.466743813427
50-54 years	M	2011	68195	11066546	616.226598615322
50-54 years	M	2012	67827	11080245	612.143504047067
50-54 years	M	2013	67466	11070966	609.39578352964
50-54 years	M	2014	67096	11077581	605.691802208442
50-54 years	M	2015	66740	10963847	608.727940110802
50-54 years	M	2016	65317	10730184	608.722087151534
50-54 years	M	2017	63581	10520182	604.371673417817
50-54 years	M	2018	61061	10277207	594.140022673475
50-54 years	M	2019	59489	10086611	589.781840501235
50-54 years	M	2020	71690	10051788	713.206446455098
50-54 years	M	2021	81551	10436202	781.424123450274
50-54 years	M	2022	68722	10434641	658.594771013205
55-59 years	F	2000	42326	6960508	608.087800488125
55-59 years	F	2001	43722	7209396	606.458571564109
55-59 years	F	2002	45611	7801990	584.607260455345
55-59 years	F	2003	47151	8141956	579.1114567556
55-59 years	F	2004	47763	8547949	558.765617342827
55-59 years	F	2005	49490	9007859	549.409132625189
55-59 years	F	2006	51680	9473065	545.546768654073
55-59 years	F	2007	50868	9509473	534.919232643071
55-59 years	F	2008	51285	9702238	528.589383191795
55-59 years	F	2009	52499	9946217	527.828821752029
55-59 years	F	2010	53186	10141157	524.456923406274
55-59 years	F	2011	55143	10439497	528.21510461663
55-59 years	F	2012	57235	10704108	534.701256751146
55-59 years	F	2013	58985	10912048	540.549308434127
55-59 years	F	2014	61178	11067461	552.773576523107
55-59 years	F	2015	62417	11210375	556.77887671019
55-59 years	F	2016	63496	11296702	562.075550899723
55-59 years	F	2017	63711	11307436	563.44338362826
55-59 years	F	2018	62702	11271658	556.280185222085
55-59 years	F	2019	61398	11234902	546.493418456165
55-59 years	F	2020	69568	11091171	627.237646953599
55-59 years	F	2021	75317	10937255	688.627996695697
55-59 years	F	2022	64801	10593091	611.728908965287
55-59 years	M	2000	64425	6508729	989.824587872686
55-59 years	M	2001	65801	6759579	973.448198475083
55-59 years	M	2002	69830	7341077	951.222824661831
55-59 years	M	2003	72188	7672601	940.854346524731
55-59 years	M	2004	73400	8059227	910.757322011156
55-59 years	M	2005	77988	8495361	918.00689811769
55-59 years	M	2006	81373	8923795	911.865411520547
55-59 years	M	2007	81590	8945299	912.099193106905
55-59 years	M	2008	83423	9112330	915.495817205918
55-59 years	M	2009	85207	9334386	912.829188765067
55-59 years	M	2010	86775	9523648	911.152953154085
55-59 years	M	2011	89129	9816051	907.992429949681
55-59 years	M	2012	91743	10068409	911.196595211816
55-59 years	M	2013	93996	10282382	914.146157962231
55-59 years	M	2014	95992	10443988	919.112507597672
55-59 years	M	2015	97172	10597567	916.927441930775
55-59 years	M	2016	98650	10683406	923.394655225122
55-59 years	M	2017	98387	10700520	919.459988860354
55-59 years	M	2018	98261	10669327	920.967180029256
55-59 years	M	2019	97055	10642489	911.957719665014
55-59 years	M	2020	113660	10511928	1081.24789286989
55-59 years	M	2021	122291	10630059	1150.42635229024
55-59 years	M	2022	103522	10373923	997.90599949508
60-64 years	F	2000	55199	5668820	973.72998260661
60-64 years	F	2001	55459	5834170	950.589372609986
60-64 years	F	2002	56368	6051668	931.445677456199
60-64 years	F	2003	58907	6377463	923.674508186092
60-64 years	F	2004	58902	6637798	887.372589524418
60-64 years	F	2005	60382	6860551	880.133388703036
60-64 years	F	2006	60734	7058989	860.378164635191
60-64 years	F	2007	62624	7639198	819.771918465787
60-64 years	F	2008	65347	7979525	818.933457818605
60-64 years	F	2009	66666	8383324	795.221561280466
60-64 years	F	2010	68321	8740424	781.666884810165
60-64 years	F	2011	71531	9264438	772.102959726213
60-64 years	F	2012	71420	9279200	769.678420553496
60-64 years	F	2013	72817	9447628	770.743725303325
60-64 years	F	2014	75432	9688238	778.593589463843
60-64 years	F	2015	77742	9952697	781.114907848596
60-64 years	F	2016	80565	10167404	792.385155542162
60-64 years	F	2017	82960	10430419	795.365938798815
60-64 years	F	2018	83861	10602115	790.983685802314
60-64 years	F	2019	85614	10714416	799.054283499913
60-64 years	F	2020	99854	10823072	922.603120444916
60-64 years	F	2021	109893	10902491	1007.96230879714
60-64 years	F	2022	98462	10820443	909.962743669552
60-64 years	M	2000	78896	5136627	1535.94956378962
60-64 years	M	2001	79157	5302150	1492.92268230812
60-64 years	M	2002	81533	5508597	1480.1046437051
60-64 years	M	2003	84273	5816925	1448.75514124731
60-64 years	M	2004	84632	6060330	1396.49161019284
60-64 years	M	2005	87441	6277726	1392.87697487912
60-64 years	M	2006	87614	6474264	1353.26579206532
60-64 years	M	2007	92028	7034464	1308.24466512303
60-64 years	M	2008	96127	7362970	1305.54653896458
60-64 years	M	2009	98935	7741673	1277.95374462342
60-64 years	M	2010	102520	8077500	1269.20458062519
60-64 years	M	2011	107512	8542154	1258.6052651357
60-64 years	M	2012	109208	8534485	1279.60855283008
60-64 years	M	2013	112329	8674373	1294.95238445476
60-64 years	M	2014	116206	8877894	1308.93655634996
60-64 years	M	2015	120454	9117180	1321.17606540619
60-64 years	M	2016	123734	9315632	1328.24053161396
60-64 years	M	2017	126948	9557283	1328.28545518637
60-64 years	M	2018	130012	9729536	1336.2610508867
60-64 years	M	2019	130870	9856730	1327.72227706349
60-64 years	M	2020	157467	9977506	1578.22004817637
60-64 years	M	2021	170670	10333259	1651.65704256518
60-64 years	M	2022	150756	10297980	1463.93758775993
65-69 years	F	2000	77804	5133183	1515.70672621646
65-69 years	F	2001	76122	5134618	1482.52508755276
65-69 years	F	2002	75001	5163814	1452.43418914779
65-69 years	F	2003	74502	5253706	1418.08468155622
65-69 years	F	2004	73529	5370418	1369.14854672392
65-69 years	F	2005	73824	5469500	1349.73946430204
65-69 years	F	2006	73162	5609202	1304.32100680275
65-69 years	F	2007	74499	5824805	1278.99560586148
65-69 years	F	2008	78047	6147908	1269.48874316271
65-69 years	F	2009	78573	6407878	1226.19375712209
65-69 years	F	2010	80443	6582716	1222.03358006027
65-69 years	F	2011	82102	6801858	1207.05254358441
65-69 years	F	2012	86575	7370497	1174.61549743525
65-69 years	F	2013	90185	7695527	1171.91454204501
65-69 years	F	2014	93032	8076160	1151.93359220223
65-69 years	F	2015	97852	8471278	1155.10316153005
65-69 years	F	2016	102266	8883164	1151.23395222693
65-69 years	F	2017	102829	8906513	1154.53713479114
65-69 years	F	2018	102698	9052080	1134.52377796042
65-69 years	F	2019	103474	9255228	1118.00595295978
65-69 years	F	2020	123652	9483316	1303.88990517663
65-69 years	F	2021	134816	9646107	1397.6208225764
65-69 years	F	2022	125440	9757521	1285.57243176827
65-69 years	M	2000	103935	4400362	2361.9647656261
65-69 years	M	2001	102110	4427615	2306.20774389824
65-69 years	M	2002	100590	4474667	2247.98850953602
65-69 years	M	2003	100315	4577090	2191.67637079454
65-69 years	M	2004	98455	4703011	2093.44609230129
65-69 years	M	2005	98412	4809127	2046.35893375243
65-69 years	M	2006	98721	4943999	1996.78438446286
65-69 years	M	2007	100492	5145430	1953.03405157586
65-69 years	M	2008	105403	5446439	1935.2644911657
65-69 years	M	2009	107198	5684499	1885.79503664263
65-69 years	M	2010	109519	5852547	1871.30492074647
65-69 years	M	2011	111373	6071930	1834.22733793044
65-69 years	M	2012	118915	6606856	1799.87273825856
65-69 years	M	2013	124324	6913190	1798.35936810647
65-69 years	M	2014	129802	7249106	1790.59321245958
65-69 years	M	2015	137630	7596190	1811.82935129321
65-69 years	M	2016	144389	7936919	1819.20717598353
65-69 years	M	2017	145258	7929868	1831.78332854973
65-69 years	M	2018	148548	8034813	1848.80469526795
65-69 years	M	2019	150938	8199773	1840.7582746498
65-69 years	M	2020	182736	8390351	2177.93033926709
65-69 years	M	2021	196168	8748213	2242.37795764689
65-69 years	M	2022	180725	8873901	2036.590221144
70-74 years	F	2000	115997	4954529	2341.23162867752
70-74 years	F	2001	113257	4908508	2307.36101479309
70-74 years	F	2002	110968	4852844	2286.65912194993
70-74 years	F	2003	107574	4794496	2243.69777344689
70-74 years	F	2004	103246	4739945	2178.21092860782
70-74 years	F	2005	101724	4729069	2151.03649365234
70-74 years	F	2006	98766	4741436	2083.03982169115
70-74 years	F	2007	96395	4770997	2020.43723775135
70-74 years	F	2008	98132	4856336	2020.70037987487
70-74 years	F	2009	96665	4967279	1946.03524384276
70-74 years	F	2010	97004	5034194	1926.90230054702
70-74 years	F	2011	98674	5203567	1896.27615057133
70-74 years	F	2012	100836	5412033	1863.18154379325
70-74 years	F	2013	106346	5723597	1858.02739081735
70-74 years	F	2014	109861	5973085	1839.26731328953
70-74 years	F	2015	114817	6186891	1855.8109396141
70-74 years	F	2016	117072	6356057	1841.89663497354
70-74 years	F	2017	124850	6899793	1809.4745740923
70-74 years	F	2018	128169	7194151	1781.57228003694
70-74 years	F	2019	131838	7528626	1751.15618706521
70-74 years	F	2020	158856	7882542	2015.28897657634
70-74 years	F	2021	170509	8150929	2091.89651878945
70-74 years	F	2022	158156	8120246	1947.67498423077
70-74 years	M	2000	143473	3902912	3676.05008772937
70-74 years	M	2001	139471	3913438	3563.8995686146
70-74 years	M	2002	136431	3897210	3500.73514129339
70-74 years	M	2003	131106	3875623	3382.83677230732
70-74 years	M	2004	124436	3854159	3228.61615205808
70-74 years	M	2005	124395	3874001	3211.02137041266
70-74 years	M	2006	119444	3908390	3056.09215047628
70-74 years	M	2007	117852	3957495	2977.94438148374
70-74 years	M	2008	119997	4054996	2959.23843081473
70-74 years	M	2009	118596	4173443	2841.68251489238
70-74 years	M	2010	120185	4243972	2831.89898519594
70-74 years	M	2011	122903	4404383	2790.47031105151
70-74 years	M	2012	126020	4596006	2741.945941759
70-74 years	M	2013	133574	4884452	2734.67729849735
70-74 years	M	2014	138846	5099939	2722.50315150828
70-74 years	M	2015	144717	5296158	2732.49023159808
70-74 years	M	2016	148353	5454190	2719.98225217677
70-74 years	M	2017	158673	5947272	2667.99635194086
70-74 years	M	2018	164363	6211272	2646.20515733331
70-74 years	M	2019	169309	6499806	2604.83159035824
70-74 years	M	2020	209263	6793189	3080.48252448151
70-74 years	M	2021	222773	7120873	3128.45068294295
70-74 years	M	2022	204260	7036771	2902.75184456052
75-79 years	F	2000	164373	4371357	3760.22823118771
75-79 years	F	2001	162366	4378159	3708.54507568135
75-79 years	F	2002	160515	4368692	3674.21186936502
75-79 years	F	2003	157831	4365982	3615.01719429901
75-79 years	F	2004	150438	4321319	3481.2981869656
75-79 years	F	2005	148774	4299256	3460.45920503455
75-79 years	F	2006	143483	4269136	3360.93766982359
75-79 years	F	2007	139360	4225224	3298.28667071852
75-79 years	F	2008	138166	4178497	3306.59564910541
75-79 years	F	2009	131754	4135780	3185.71103878833
75-79 years	F	2010	130342	4135407	3151.85421894387
75-79 years	F	2011	129905	4155949	3125.76020543082
75-79 years	F	2012	129512	4198131	3084.99186900075
75-79 years	F	2013	131148	4287534	3058.82122450807
75-79 years	F	2014	132813	4410758	3011.11509631678
75-79 years	F	2015	136686	4512927	3028.766031447
75-79 years	F	2016	138044	4644276	2972.34703536138
75-79 years	F	2017	143993	4842445	2973.55984425223
75-79 years	F	2018	149773	5122392	2923.88790237061
75-79 years	F	2019	152997	5334166	2868.24594510182
75-79 years	F	2020	182440	5513149	3309.17956325867
75-79 years	F	2021	188622	5432359	3472.19320372604
75-79 years	F	2022	189383	5951314	3182.20480384668
75-79 years	M	2000	173327	3044456	5693.20101850708
75-79 years	M	2001	171311	3077254	5567.00876820698
75-79 years	M	2002	169625	3101769	5468.65353287108
75-79 years	M	2003	167354	3131860	5343.59773425377
75-79 years	M	2004	160308	3140080	5105.22024916563
75-79 years	M	2005	159114	3164353	5028.32648569866
75-79 years	M	2006	154227	3177898	4853.11359898902
75-79 years	M	2007	149669	3175139	4713.77788499968
75-79 years	M	2008	149204	3167246	4710.84342674993
75-79 years	M	2009	143233	3159284	4533.71713337579
75-79 years	M	2010	143006	3182388	4493.66953369608
75-79 years	M	2011	142371	3232738	4404.03769188842
75-79 years	M	2012	142424	3291452	4327.08725510808
75-79 years	M	2013	146166	3390347	4311.24011789944
75-79 years	M	2014	149259	3511566	4250.49678690362
75-79 years	M	2015	153719	3610906	4257.07564805066
75-79 years	M	2016	156851	3723619	4212.32677134798
75-79 years	M	2017	163505	3898816	4193.70906449548
75-79 years	M	2018	171972	4144674	4149.22862449495
75-79 years	M	2019	176496	4318499	4086.97559036137
75-79 years	M	2020	215751	4473684	4822.66963871387
75-79 years	M	2021	220245	4472410	4924.52615033058
75-79 years	M	2022	218209	4909686	4444.45938090542
80-84 years	F	2000	195853	3110470	6296.57254369918
80-84 years	F	2001	198821	3211574	6190.7650267439
80-84 years	F	2002	203635	3295412	6179.34874304032
80-84 years	F	2003	202861	3347175	6060.66309649182
80-84 years	F	2004	200123	3417423	5855.9622265081
80-84 years	F	2005	202656	3454579	5866.30092986729
80-84 years	F	2006	196540	3463549	5674.52633122846
80-84 years	F	2007	192519	3469267	5549.27020606947
80-84 years	F	2008	193498	3477946	5563.57114227765
80-84 years	F	2009	184941	3454860	5353.06785224293
80-84 years	F	2010	183479	3448953	5319.84634177387
80-84 years	F	2011	183627	3446248	5328.31647635341
80-84 years	F	2012	180235	3426353	5260.25777262296
80-84 years	F	2013	178525	3398468	5253.1022802039
80-84 years	F	2014	175261	3378554	5187.45593529066
80-84 years	F	2015	177034	3386676	5227.36748363292
80-84 years	F	2016	174053	3412384	5100.62759642526
80-84 years	F	2017	177095	3456231	5123.93413518946
80-84 years	F	2018	178244	3536942	5039.49456903732
80-84 years	F	2019	179930	3637483	4946.55232752978
80-84 years	F	2020	210786	3715123	5673.72870292585
80-84 years	F	2021	208642	3605202	5787.24853697518
80-84 years	F	2022	208013	3834386	5424.93635226083
80-84 years	M	2000	166892	1834897	9095.44241447885
80-84 years	M	2001	169431	1926631	8794.15933824381
80-84 years	M	2002	173879	1998991	8698.33831167824
80-84 years	M	2003	174978	2051421	8529.59972623854
80-84 years	M	2004	173361	2111081	8211.95397050137
80-84 years	M	2005	176121	2156614	8166.5518261497
80-84 years	M	2006	173088	2184568	7923.2141091511
80-84 years	M	2007	171134	2217809	7716.35429380979
80-84 years	M	2008	172692	2252413	7666.97759247527
80-84 years	M	2009	167799	2272851	7382.75408286773
80-84 years	M	2010	168824	2294374	7358.17264316977
80-84 years	M	2011	170322	2340295	7277.80044823409
80-84 years	M	2012	168257	2356698	7139.52318031415
80-84 years	M	2013	169174	2370170	7137.63147791087
80-84 years	M	2014	167171	2381812	7018.64798733065
80-84 years	M	2015	170127	2412665	7051.41410017553
80-84 years	M	2016	167968	2453255	6846.74035108458
80-84 years	M	2017	173166	2509059	6901.6312490061
80-84 years	M	2018	175216	2590366	6764.14066583641
80-84 years	M	2019	178604	2679724	6665.01475525091
80-84 years	M	2020	213107	2749591	7750.49816499981
80-84 years	M	2021	212144	2696104	7868.53919581737
80-84 years	M	2022	209298	2825159	7408.36179485827
< 1 year	F	2000	12317	1856631	663.40592180137
< 1 year	F	2001	12091	1962905	615.974792463211
< 1 year	F	2002	12317	1932939	637.216177023693
< 1 year	F	2003	12123	1942634	624.049615110206
< 1 year	F	2004	12218	1962216	622.663356123893
< 1 year	F	2005	12422	1956682	634.850220935236
< 1 year	F	2006	12547	1975919	634.995665308143
< 1 year	F	2007	12845	2027181	633.638535483511
< 1 year	F	2008	12390	2022889	612.490354142022
< 1 year	F	2009	11589	1959169	591.526305285557
< 1 year	F	2010	10884	1929877	563.973766203753
< 1 year	F	2011	10658	1952827	545.772871841694
< 1 year	F	2012	10490	1926339	544.556280073237
< 1 year	F	2013	10321	1925056	536.140247348649
< 1 year	F	2014	10329	1930493	535.044675116667
< 1 year	F	2015	10447	1942904	537.700267228849
< 1 year	F	2016	10294	1939667	530.709652739362
< 1 year	F	2017	9867	1924145	512.799191329136
< 1 year	F	2018	9399	1879703	500.025801948499
< 1 year	F	2019	9247	1847935	500.396388401107
< 1 year	F	2020	8723	1826869	477.483607198984
< 1 year	F	2021	9011	1742991	516.984884029809
< 1 year	F	2022	9182	1800246	510.041405452366
< 1 year	M	2000	15718	1949017	806.457819505936
< 1 year	M	2001	15477	2049753	755.06658607159
< 1 year	M	2002	15717	2018522	778.639023998748
< 1 year	M	2003	15902	2033237	782.102627485138
< 1 year	M	2004	15718	2052042	765.968727735592
< 1 year	M	2005	16018	2047711	782.23929060302
< 1 year	M	2006	15980	2065819	773.543083881018
< 1 year	M	2007	16293	2120816	768.242035141191
< 1 year	M	2008	15669	2109846	742.66083875316
< 1 year	M	2009	14823	2044418	725.047421809043
< 1 year	M	2010	13702	2014276	680.244415363138
< 1 year	M	2011	13327	2043710	652.098389693254
< 1 year	M	2012	13139	2016738	651.497616447947
< 1 year	M	2013	13119	2016727	650.509464097025
< 1 year	M	2014	12886	2017857	638.598275298993
< 1 year	M	2015	13008	2035134	639.171671251131
< 1 year	M	2016	12867	2030478	633.693150085842
< 1 year	M	2017	12468	2015150	618.713247152817
< 1 year	M	2018	12068	1968505	613.054068950803
< 1 year	M	2019	11674	1935117	603.27101668788
< 1 year	M	2020	10859	1908141	569.087923795988
< 1 year	M	2021	10909	1821502	598.90134625161
< 1 year	M	2022	11371	1882867	603.919448373146
