age_cat,excess_yrs_lost,Year,shortname,keep
1-4 years,11.306015540784957,2000-2005,Infections,TRUE
10-14 years,-1.738215100713063,2000-2005,Infections,TRUE
15-19 years,-1.161661296190729,2000-2005,Infections,TRUE
20-24 years,6.726707391735573,2000-2005,Infections,TRUE
25-29 years,36.91807033801649,2000-2005,Infections,TRUE
30-34 years,191.83712720840884,2000-2005,Infections,TRUE
35-39 years,435.0866648052571,2000-2005,Infections,TRUE
40-44 years,521.9613867064105,2000-2005,Infections,TRUE
45-49 years,621.6142926313041,2000-2005,Infections,TRUE
5-9 years,-0.7191026730118679,2000-2005,Infections,TRUE
50-54 years,544.0373475354654,2000-2005,Infections,TRUE
55-59 years,327.7751202003629,2000-2005,Infections,TRUE
60-64 years,155.76082201396412,2000-2005,Infections,TRUE
65-69 years,93.67491115748032,2000-2005,Infections,TRUE
70-74 years,63.63561901677008,2000-2005,Infections,TRUE
75-79 years,63.56694352229067,2000-2005,Infections,TRUE
80-84 years,80.72033407262984,2000-2005,Infections,TRUE
< 1 year,92.244872042545,2000-2005,Infections,TRUE
1-4 years,3.229496563586082,2006-2012,Infections,TRUE
10-14 years,0.5501250035919014,2006-2012,Infections,TRUE
15-19 years,-2.342635693953447,2006-2012,Infections,TRUE
20-24 years,16.142629107107965,2006-2012,Infections,TRUE
25-29 years,47.67728551227161,2006-2012,Infections,TRUE
30-34 years,65.0978397228057,2006-2012,Infections,TRUE
35-39 years,129.01536063297817,2006-2012,Infections,TRUE
40-44 years,251.5870569877717,2006-2012,Infections,TRUE
45-49 years,348.3935504604866,2006-2012,Infections,TRUE
5-9 years,3.4448781103907287,2006-2012,Infections,TRUE
50-54 years,441.8190250194221,2006-2012,Infections,TRUE
55-59 years,436.26708504004114,2006-2012,Infections,TRUE
60-64 years,251.83551876486536,2006-2012,Infections,TRUE
65-69 years,108.83754691474678,2006-2012,Infections,TRUE
70-74 years,46.17413379285017,2006-2012,Infections,TRUE
75-79 years,25.574558635627,2006-2012,Infections,TRUE
80-84 years,20.71376872799874,2006-2012,Infections,TRUE
< 1 year,132.72342385011916,2006-2012,Infections,TRUE
1-4 years,-4.30247464298391,2013-2019,Infections,TRUE
10-14 years,1.7052782199385312,2013-2019,Infections,TRUE
15-19 years,2.764914214905098,2013-2019,Infections,TRUE
20-24 years,16.211106428486147,2013-2019,Infections,TRUE
25-29 years,53.831363837478435,2013-2019,Infections,TRUE
30-34 years,54.49793052554864,2013-2019,Infections,TRUE
35-39 years,58.05968255610128,2013-2019,Infections,TRUE
40-44 years,80.42049130585218,2013-2019,Infections,TRUE
45-49 years,156.26380185079012,2013-2019,Infections,TRUE
5-9 years,-0.7450429025534184,2013-2019,Infections,TRUE
50-54 years,243.533893532068,2013-2019,Infections,TRUE
55-59 years,289.2211429743345,2013-2019,Infections,TRUE
60-64 years,298.9324884641054,2013-2019,Infections,TRUE
65-69 years,188.93498753685265,2013-2019,Infections,TRUE
70-74 years,83.49717393523213,2013-2019,Infections,TRUE
75-79 years,45.62792450175675,2013-2019,Infections,TRUE
80-84 years,45.20596882333143,2013-2019,Infections,TRUE
< 1 year,122.45331854285132,2013-2019,Infections,TRUE
1-4 years,3.5408208792294857,2020-2022,Infections,TRUE
10-14 years,2.1317478899108373,2020-2022,Infections,TRUE
15-19 years,2.6860014260605354,2020-2022,Infections,TRUE
20-24 years,8.60392160930676,2020-2022,Infections,TRUE
25-29 years,36.56165338533131,2020-2022,Infections,TRUE
30-34 years,84.02209603870395,2020-2022,Infections,TRUE
35-39 years,79.2208903050697,2020-2022,Infections,TRUE
40-44 years,76.27373500821278,2020-2022,Infections,TRUE
45-49 years,83.99238002075828,2020-2022,Infections,TRUE
5-9 years,4.880961267577366,2020-2022,Infections,TRUE
50-54 years,112.44933989265633,2020-2022,Infections,TRUE
55-59 years,166.41972383721213,2020-2022,Infections,TRUE
60-64 years,180.3918728358444,2020-2022,Infections,TRUE
65-69 years,159.71020833710713,2020-2022,Infections,TRUE
70-74 years,95.76531857401837,2020-2022,Infections,TRUE
75-79 years,95.67291505985293,2020-2022,Infections,TRUE
80-84 years,102.42940989377462,2020-2022,Infections,TRUE
< 1 year,172.09282757371386,2020-2022,Infections,TRUE
1-4 years,24.22087752362228,2000-2005,Neoplasms,TRUE
10-14 years,16.31536626533415,2000-2005,Neoplasms,TRUE
15-19 years,62.53794777719011,2000-2005,Neoplasms,TRUE
20-24 years,72.3996938624511,2000-2005,Neoplasms,TRUE
25-29 years,-3.432088395239475,2000-2005,Neoplasms,TRUE
30-34 years,-160.87891481928568,2000-2005,Neoplasms,TRUE
35-39 years,-406.23333440809586,2000-2005,Neoplasms,TRUE
40-44 years,-561.8232551205494,2000-2005,Neoplasms,TRUE
45-49 years,-408.9310108019595,2000-2005,Neoplasms,TRUE
5-9 years,15.100551018335466,2000-2005,Neoplasms,TRUE
50-54 years,3.234199689891284,2000-2005,Neoplasms,TRUE
55-59 years,576.2974841859368,2000-2005,Neoplasms,TRUE
60-64 years,1457.933177847939,2000-2005,Neoplasms,TRUE
65-69 years,2512.9157598667116,2000-2005,Neoplasms,TRUE
70-74 years,3358.172423624823,2000-2005,Neoplasms,TRUE
75-79 years,4100.323106288974,2000-2005,Neoplasms,TRUE
80-84 years,4529.263203330987,2000-2005,Neoplasms,TRUE
< 1 year,-27.26486177242697,2000-2005,Neoplasms,TRUE
1-4 years,5.99511788757178,2006-2012,Neoplasms,TRUE
10-14 years,4.7991564442500305,2006-2012,Neoplasms,TRUE
15-19 years,52.73454294492282,2006-2012,Neoplasms,TRUE
20-24 years,87.54214339653484,2006-2012,Neoplasms,TRUE
25-29 years,27.33794069228503,2006-2012,Neoplasms,TRUE
30-34 years,-131.01149266150446,2006-2012,Neoplasms,TRUE
35-39 years,-342.26764199016804,2006-2012,Neoplasms,TRUE
40-44 years,-555.471994848644,2006-2012,Neoplasms,TRUE
45-49 years,-525.0904267179862,2006-2012,Neoplasms,TRUE
5-9 years,12.250446741138433,2006-2012,Neoplasms,TRUE
50-54 years,29.215926669318833,2006-2012,Neoplasms,TRUE
55-59 years,897.4338997416253,2006-2012,Neoplasms,TRUE
60-64 years,1492.5165151056544,2006-2012,Neoplasms,TRUE
65-69 years,2110.461079087503,2006-2012,Neoplasms,TRUE
70-74 years,2748.3783083832204,2006-2012,Neoplasms,TRUE
75-79 years,3482.656322336826,2006-2012,Neoplasms,TRUE
80-84 years,4170.8920971630705,2006-2012,Neoplasms,TRUE
< 1 year,11.050922765360951,2006-2012,Neoplasms,TRUE
1-4 years,15.144925909694509,2013-2019,Neoplasms,TRUE
10-14 years,13.692818505010734,2013-2019,Neoplasms,TRUE
15-19 years,53.270786546984,2013-2019,Neoplasms,TRUE
20-24 years,72.92426617245223,2013-2019,Neoplasms,TRUE
25-29 years,12.569352114543278,2013-2019,Neoplasms,TRUE
30-34 years,-142.1457660749369,2013-2019,Neoplasms,TRUE
35-39 years,-336.4553950887994,2013-2019,Neoplasms,TRUE
40-44 years,-520.0902121283768,2013-2019,Neoplasms,TRUE
45-49 years,-570.2821415848889,2013-2019,Neoplasms,TRUE
5-9 years,3.5570695781065353,2013-2019,Neoplasms,TRUE
50-54 years,-293.2129065445097,2013-2019,Neoplasms,TRUE
55-59 years,529.887288309732,2013-2019,Neoplasms,TRUE
60-64 years,1498.2578482809677,2013-2019,Neoplasms,TRUE
65-69 years,2016.089242577511,2013-2019,Neoplasms,TRUE
70-74 years,2383.861314149448,2013-2019,Neoplasms,TRUE
75-79 years,2798.3959874220654,2013-2019,Neoplasms,TRUE
80-84 years,3426.4691500714107,2013-2019,Neoplasms,TRUE
< 1 year,-38.39167889521826,2013-2019,Neoplasms,TRUE
1-4 years,-10.111872279889752,2020-2022,Neoplasms,TRUE
10-14 years,13.38341102678288,2020-2022,Neoplasms,TRUE
15-19 years,46.743306451396535,2020-2022,Neoplasms,TRUE
20-24 years,66.00532331519594,2020-2022,Neoplasms,TRUE
25-29 years,-0.7360395983265562,2020-2022,Neoplasms,TRUE
30-34 years,-128.70055694516742,2020-2022,Neoplasms,TRUE
35-39 years,-343.58019374585035,2020-2022,Neoplasms,TRUE
40-44 years,-481.8246288657624,2020-2022,Neoplasms,TRUE
45-49 years,-579.6945172314358,2020-2022,Neoplasms,TRUE
5-9 years,5.970646786442046,2020-2022,Neoplasms,TRUE
50-54 years,-540.7453421834107,2020-2022,Neoplasms,TRUE
55-59 years,-30.494134374027453,2020-2022,Neoplasms,TRUE
60-64 years,744.5410421420156,2020-2022,Neoplasms,TRUE
65-69 years,1553.4378539480876,2020-2022,Neoplasms,TRUE
70-74 years,1959.417785213887,2020-2022,Neoplasms,TRUE
75-79 years,2207.945923182624,2020-2022,Neoplasms,TRUE
80-84 years,2762.8478237755044,2020-2022,Neoplasms,TRUE
< 1 year,-32.11713412887363,2020-2022,Neoplasms,TRUE
1-4 years,3.382446216544743,2000-2005,Blood-related,FALSE
10-14 years,2.506377909952004,2000-2005,Blood-related,FALSE
15-19 years,0.3298062988554733,2000-2005,Blood-related,FALSE
20-24 years,-0.15360103004701386,2000-2005,Blood-related,FALSE
25-29 years,0.8864047419369356,2000-2005,Blood-related,FALSE
30-34 years,0.8418568305589815,2000-2005,Blood-related,FALSE
35-39 years,-0.7591570524989208,2000-2005,Blood-related,FALSE
40-44 years,-9.356825974088425,2000-2005,Blood-related,FALSE
45-49 years,-5.048264277571988,2000-2005,Blood-related,FALSE
5-9 years,0.01344269363492678,2000-2005,Blood-related,FALSE
50-54 years,-11.985948277155488,2000-2005,Blood-related,FALSE
55-59 years,-12.462711115379976,2000-2005,Blood-related,FALSE
60-64 years,-13.592899985598764,2000-2005,Blood-related,FALSE
65-69 years,-17.175058544334277,2000-2005,Blood-related,FALSE
70-74 years,-10.321105590589523,2000-2005,Blood-related,FALSE
75-79 years,-18.454199431424485,2000-2005,Blood-related,FALSE
80-84 years,-9.685024336373914,2000-2005,Blood-related,FALSE
< 1 year,47.37975270147294,2000-2005,Blood-related,FALSE
1-4 years,5.481152363029789,2006-2012,Blood-related,FALSE
10-14 years,1.4462678642995392,2006-2012,Blood-related,FALSE
15-19 years,1.6424015691312164,2006-2012,Blood-related,FALSE
20-24 years,7.210360313589863,2006-2012,Blood-related,FALSE
25-29 years,4.741133989783954,2006-2012,Blood-related,FALSE
30-34 years,-0.34580186338354935,2006-2012,Blood-related,FALSE
35-39 years,-1.0892899744356868,2006-2012,Blood-related,FALSE
40-44 years,-6.2209989722128824,2006-2012,Blood-related,FALSE
45-49 years,-9.106358250653656,2006-2012,Blood-related,FALSE
5-9 years,0.7040272119711606,2006-2012,Blood-related,FALSE
50-54 years,-5.165368390136152,2006-2012,Blood-related,FALSE
55-59 years,-8.68889003795097,2006-2012,Blood-related,FALSE
60-64 years,-9.993247342665583,2006-2012,Blood-related,FALSE
65-69 years,-13.706659000308008,2006-2012,Blood-related,FALSE
70-74 years,-15.695063230587865,2006-2012,Blood-related,FALSE
75-79 years,-8.421364538875196,2006-2012,Blood-related,FALSE
80-84 years,-9.723365224373625,2006-2012,Blood-related,FALSE
< 1 year,26.640327934999192,2006-2012,Blood-related,FALSE
1-4 years,0.09020032330364812,2013-2019,Blood-related,FALSE
10-14 years,-0.7698818367328073,2013-2019,Blood-related,FALSE
15-19 years,0.8411075191903414,2013-2019,Blood-related,FALSE
20-24 years,3.436991458835074,2013-2019,Blood-related,FALSE
25-29 years,1.986102333209658,2013-2019,Blood-related,FALSE
30-34 years,0.940383370881662,2013-2019,Blood-related,FALSE
35-39 years,0.8086935927495489,2013-2019,Blood-related,FALSE
40-44 years,-3.940651515111284,2013-2019,Blood-related,FALSE
45-49 years,-2.144707760769954,2013-2019,Blood-related,FALSE
5-9 years,3.945442431102034,2013-2019,Blood-related,FALSE
50-54 years,-1.8915137568412632,2013-2019,Blood-related,FALSE
55-59 years,-2.0435430090897597,2013-2019,Blood-related,FALSE
60-64 years,-3.565281603455091,2013-2019,Blood-related,FALSE
65-69 years,-6.5802200114493274,2013-2019,Blood-related,FALSE
70-74 years,-11.81464499206075,2013-2019,Blood-related,FALSE
75-79 years,-11.331426393752906,2013-2019,Blood-related,FALSE
80-84 years,-1.6618929246354242,2013-2019,Blood-related,FALSE
< 1 year,41.54592723140493,2013-2019,Blood-related,FALSE
1-4 years,5.357907615371126,2020-2022,Blood-related,FALSE
10-14 years,0.7128541809438786,2020-2022,Blood-related,FALSE
15-19 years,2.066144416621267,2020-2022,Blood-related,FALSE
20-24 years,0.7880189683255239,2020-2022,Blood-related,FALSE
25-29 years,3.2501451204488134,2020-2022,Blood-related,FALSE
30-34 years,1.9216977781977675,2020-2022,Blood-related,FALSE
35-39 years,-3.277273067876024,2020-2022,Blood-related,FALSE
40-44 years,-8.554661674562112,2020-2022,Blood-related,FALSE
45-49 years,-2.307555398114431,2020-2022,Blood-related,FALSE
5-9 years,0.23449424083608328,2020-2022,Blood-related,FALSE
50-54 years,-10.5591100890327,2020-2022,Blood-related,FALSE
55-59 years,-5.180386849507869,2020-2022,Blood-related,FALSE
60-64 years,-6.690503259852292,2020-2022,Blood-related,FALSE
65-69 years,-7.256689348852703,2020-2022,Blood-related,FALSE
70-74 years,-6.385928469677168,2020-2022,Blood-related,FALSE
75-79 years,-6.690688669368427,2020-2022,Blood-related,FALSE
80-84 years,6.248497808436127,2020-2022,Blood-related,FALSE
< 1 year,-21.41371172457366,2020-2022,Blood-related,FALSE
1-4 years,0.8380195627885598,2000-2005,Endocrine and Metabolic,TRUE
10-14 years,5.57027232390864,2000-2005,Endocrine and Metabolic,TRUE
15-19 years,-0.4123353597972752,2000-2005,Endocrine and Metabolic,TRUE
20-24 years,1.7300791988892428,2000-2005,Endocrine and Metabolic,TRUE
25-29 years,13.650587444980914,2000-2005,Endocrine and Metabolic,TRUE
30-34 years,43.194207074854575,2000-2005,Endocrine and Metabolic,TRUE
35-39 years,46.73226212440136,2000-2005,Endocrine and Metabolic,TRUE
40-44 years,110.22229688467354,2000-2005,Endocrine and Metabolic,TRUE
45-49 years,144.14305225930013,2000-2005,Endocrine and Metabolic,TRUE
5-9 years,4.822695712749667,2000-2005,Endocrine and Metabolic,TRUE
50-54 years,173.15542462162216,2000-2005,Endocrine and Metabolic,TRUE
55-59 years,203.0019963849079,2000-2005,Endocrine and Metabolic,TRUE
60-64 years,216.24976892440372,2000-2005,Endocrine and Metabolic,TRUE
65-69 years,157.507701921724,2000-2005,Endocrine and Metabolic,TRUE
70-74 years,100.87062081654084,2000-2005,Endocrine and Metabolic,TRUE
75-79 years,32.65245275599045,2000-2005,Endocrine and Metabolic,TRUE
80-84 years,-45.03037031062149,2000-2005,Endocrine and Metabolic,TRUE
< 1 year,92.97739670744062,2000-2005,Endocrine and Metabolic,TRUE
1-4 years,4.4468521221256765,2006-2012,Endocrine and Metabolic,TRUE
10-14 years,1.346803989179925,2006-2012,Endocrine and Metabolic,TRUE
15-19 years,-0.6505583218219897,2006-2012,Endocrine and Metabolic,TRUE
20-24 years,12.273564727795817,2006-2012,Endocrine and Metabolic,TRUE
25-29 years,16.01479128851895,2006-2012,Endocrine and Metabolic,TRUE
30-34 years,40.519390190329176,2006-2012,Endocrine and Metabolic,TRUE
35-39 years,76.51005861478109,2006-2012,Endocrine and Metabolic,TRUE
40-44 years,112.3031774817573,2006-2012,Endocrine and Metabolic,TRUE
45-49 years,192.31738550687984,2006-2012,Endocrine and Metabolic,TRUE
5-9 years,2.5330835822748554,2006-2012,Endocrine and Metabolic,TRUE
50-54 years,252.7564777002881,2006-2012,Endocrine and Metabolic,TRUE
55-59 years,324.6287674196328,2006-2012,Endocrine and Metabolic,TRUE
60-64 years,368.0137912901207,2006-2012,Endocrine and Metabolic,TRUE
65-69 years,363.1388810135357,2006-2012,Endocrine and Metabolic,TRUE
70-74 years,291.77191286582683,2006-2012,Endocrine and Metabolic,TRUE
75-79 years,190.31843692605048,2006-2012,Endocrine and Metabolic,TRUE
80-84 years,149.91308726971965,2006-2012,Endocrine and Metabolic,TRUE
< 1 year,85.82679923029741,2006-2012,Endocrine and Metabolic,TRUE
1-4 years,4.035398952709961,2013-2019,Endocrine and Metabolic,TRUE
10-14 years,4.09035108885584,2013-2019,Endocrine and Metabolic,TRUE
15-19 years,0.5082728630102622,2013-2019,Endocrine and Metabolic,TRUE
20-24 years,6.861227885573101,2013-2019,Endocrine and Metabolic,TRUE
25-29 years,35.3512689687376,2013-2019,Endocrine and Metabolic,TRUE
30-34 years,49.9404443297841,2013-2019,Endocrine and Metabolic,TRUE
35-39 years,77.28100201127711,2013-2019,Endocrine and Metabolic,TRUE
40-44 years,144.80204478552088,2013-2019,Endocrine and Metabolic,TRUE
45-49 years,212.8206224231133,2013-2019,Endocrine and Metabolic,TRUE
5-9 years,5.086639320498957,2013-2019,Endocrine and Metabolic,TRUE
50-54 years,328.0902308304708,2013-2019,Endocrine and Metabolic,TRUE
55-59 years,437.38542824358456,2013-2019,Endocrine and Metabolic,TRUE
60-64 years,515.9886650027274,2013-2019,Endocrine and Metabolic,TRUE
65-69 years,539.1874761672666,2013-2019,Endocrine and Metabolic,TRUE
70-74 years,497.4160691366242,2013-2019,Endocrine and Metabolic,TRUE
75-79 years,431.3725340062092,2013-2019,Endocrine and Metabolic,TRUE
80-84 years,334.5827855925795,2013-2019,Endocrine and Metabolic,TRUE
< 1 year,43.67578052152936,2013-2019,Endocrine and Metabolic,TRUE
1-4 years,-11.384459809098551,2020-2022,Endocrine and Metabolic,TRUE
10-14 years,-1.8599704339584375,2020-2022,Endocrine and Metabolic,TRUE
15-19 years,7.175314581896117,2020-2022,Endocrine and Metabolic,TRUE
20-24 years,33.89003757459555,2020-2022,Endocrine and Metabolic,TRUE
25-29 years,49.901829979637995,2020-2022,Endocrine and Metabolic,TRUE
30-34 years,88.2074718818962,2020-2022,Endocrine and Metabolic,TRUE
35-39 years,142.12023797791647,2020-2022,Endocrine and Metabolic,TRUE
40-44 years,184.44576770352808,2020-2022,Endocrine and Metabolic,TRUE
45-49 years,281.10094424545696,2020-2022,Endocrine and Metabolic,TRUE
5-9 years,0.7007344571047973,2020-2022,Endocrine and Metabolic,TRUE
50-54 years,406.8451046594213,2020-2022,Endocrine and Metabolic,TRUE
55-59 years,553.650469390697,2020-2022,Endocrine and Metabolic,TRUE
60-64 years,622.0477721323296,2020-2022,Endocrine and Metabolic,TRUE
65-69 years,661.8313172954756,2020-2022,Endocrine and Metabolic,TRUE
70-74 years,585.3744853264395,2020-2022,Endocrine and Metabolic,TRUE
75-79 years,514.4296383220008,2020-2022,Endocrine and Metabolic,TRUE
80-84 years,451.6016605182813,2020-2022,Endocrine and Metabolic,TRUE
< 1 year,56.15571863148671,2020-2022,Endocrine and Metabolic,TRUE
1-4 years,-1.6105460678386252,2000-2005,Mental Health,FALSE
10-14 years,-2.165770469782415,2000-2005,Mental Health,FALSE
15-19 years,12.282284917505912,2000-2005,Mental Health,FALSE
20-24 years,43.62851767821436,2000-2005,Mental Health,FALSE
25-29 years,70.40228936968721,2000-2005,Mental Health,FALSE
30-34 years,77.28900312278093,2000-2005,Mental Health,FALSE
35-39 years,131.1479033181218,2000-2005,Mental Health,FALSE
40-44 years,198.35944515798292,2000-2005,Mental Health,FALSE
45-49 years,248.9529364218742,2000-2005,Mental Health,FALSE
5-9 years,-0.9812223647374964,2000-2005,Mental Health,FALSE
50-54 years,264.16494533573467,2000-2005,Mental Health,FALSE
55-59 years,203.15808268476857,2000-2005,Mental Health,FALSE
60-64 years,173.42015720363992,2000-2005,Mental Health,FALSE
65-69 years,124.8175967728928,2000-2005,Mental Health,FALSE
70-74 years,61.65814069100867,2000-2005,Mental Health,FALSE
75-79 years,-65.58820175088488,2000-2005,Mental Health,FALSE
80-84 years,-319.1345556625863,2000-2005,Mental Health,FALSE
< 1 year,11.03763990235857,2000-2005,Mental Health,FALSE
1-4 years,-0.6134601284405434,2006-2012,Mental Health,FALSE
10-14 years,-1.3005438430014955,2006-2012,Mental Health,FALSE
15-19 years,7.559176625582998,2006-2012,Mental Health,FALSE
20-24 years,24.438616432466645,2006-2012,Mental Health,FALSE
25-29 years,40.15275246744813,2006-2012,Mental Health,FALSE
30-34 years,55.4194730471548,2006-2012,Mental Health,FALSE
35-39 years,66.03944606703593,2006-2012,Mental Health,FALSE
40-44 years,119.24229882968685,2006-2012,Mental Health,FALSE
45-49 years,160.49374186465724,2006-2012,Mental Health,FALSE
5-9 years,0.5219386133175421,2006-2012,Mental Health,FALSE
50-54 years,211.89868921284236,2006-2012,Mental Health,FALSE
55-59 years,221.72100400356976,2006-2012,Mental Health,FALSE
60-64 years,179.98283697969927,2006-2012,Mental Health,FALSE
65-69 years,128.1705095998364,2006-2012,Mental Health,FALSE
70-74 years,40.47429968281381,2006-2012,Mental Health,FALSE
75-79 years,-184.2351846502188,2006-2012,Mental Health,FALSE
80-84 years,-631.0743649755232,2006-2012,Mental Health,FALSE
< 1 year,3.2085027491083515,2006-2012,Mental Health,FALSE
1-4 years,-1.3179474565867824,2013-2019,Mental Health,FALSE
10-14 years,-1.85560314529166,2013-2019,Mental Health,FALSE
15-19 years,0.9632930546435858,2013-2019,Mental Health,FALSE
20-24 years,12.848553876721702,2013-2019,Mental Health,FALSE
25-29 years,26.61379523293212,2013-2019,Mental Health,FALSE
30-34 years,54.373690411003366,2013-2019,Mental Health,FALSE
35-39 years,99.55763774035012,2013-2019,Mental Health,FALSE
40-44 years,116.88566512575647,2013-2019,Mental Health,FALSE
45-49 years,163.16801825841318,2013-2019,Mental Health,FALSE
5-9 years,-0.4206808397655526,2013-2019,Mental Health,FALSE
50-54 years,219.299886828092,2013-2019,Mental Health,FALSE
55-59 years,258.40294273045845,2013-2019,Mental Health,FALSE
60-64 years,260.15232403127845,2013-2019,Mental Health,FALSE
65-69 years,176.3651657994073,2013-2019,Mental Health,FALSE
70-74 years,57.69304744511919,2013-2019,Mental Health,FALSE
75-79 years,-214.61139091587984,2013-2019,Mental Health,FALSE
80-84 years,-649.2859289501253,2013-2019,Mental Health,FALSE
< 1 year,1.3438709040961854,2013-2019,Mental Health,FALSE
1-4 years,0.22945748912178576,2020-2022,Mental Health,FALSE
10-14 years,0.395206516184623,2020-2022,Mental Health,FALSE
15-19 years,0.7205917063483209,2020-2022,Mental Health,FALSE
20-24 years,14.284763797281911,2020-2022,Mental Health,FALSE
25-29 years,57.50366256642309,2020-2022,Mental Health,FALSE
30-34 years,117.04163225240804,2020-2022,Mental Health,FALSE
35-39 years,184.65758068927508,2020-2022,Mental Health,FALSE
40-44 years,232.37266984324324,2020-2022,Mental Health,FALSE
45-49 years,278.23687869014236,2020-2022,Mental Health,FALSE
5-9 years,1.1940476847702015,2020-2022,Mental Health,FALSE
50-54 years,318.0952260212347,2020-2022,Mental Health,FALSE
55-59 years,360.737419488361,2020-2022,Mental Health,FALSE
60-64 years,359.45992215832894,2020-2022,Mental Health,FALSE
65-69 years,240.5254040922838,2020-2022,Mental Health,FALSE
70-74 years,66.50059517360842,2020-2022,Mental Health,FALSE
75-79 years,-234.81555633570724,2020-2022,Mental Health,FALSE
80-84 years,-669.1571268725634,2020-2022,Mental Health,FALSE
< 1 year,-17.270875527010944,2020-2022,Mental Health,FALSE
1-4 years,11.858139485594876,2000-2005,Neurological,TRUE
10-14 years,20.28080017984321,2000-2005,Neurological,TRUE
15-19 years,72.0211774959019,2000-2005,Neurological,TRUE
20-24 years,63.29236681927884,2000-2005,Neurological,TRUE
25-29 years,40.31772043330187,2000-2005,Neurological,TRUE
30-34 years,18.73266594973157,2000-2005,Neurological,TRUE
35-39 years,30.967051785025916,2000-2005,Neurological,TRUE
40-44 years,33.9482392825399,2000-2005,Neurological,TRUE
45-49 years,20.53305249961647,2000-2005,Neurological,TRUE
5-9 years,2.7862458181092364,2000-2005,Neurological,TRUE
50-54 years,7.819673874694047,2000-2005,Neurological,TRUE
55-59 years,-5.371604013090177,2000-2005,Neurological,TRUE
60-64 years,3.386398777987893,2000-2005,Neurological,TRUE
65-69 years,56.281768753068945,2000-2005,Neurological,TRUE
70-74 years,104.9495265132614,2000-2005,Neurological,TRUE
75-79 years,84.26403031218115,2000-2005,Neurological,TRUE
80-84 years,-88.66279806682769,2000-2005,Neurological,TRUE
< 1 year,162.76710886351907,2000-2005,Neurological,TRUE
1-4 years,13.099733068501166,2006-2012,Neurological,TRUE
10-14 years,19.025251818406716,2006-2012,Neurological,TRUE
15-19 years,57.117387091513706,2006-2012,Neurological,TRUE
20-24 years,66.36758022260629,2006-2012,Neurological,TRUE
25-29 years,40.93794074110289,2006-2012,Neurological,TRUE
30-34 years,30.89156894065323,2006-2012,Neurological,TRUE
35-39 years,22.32392267530352,2006-2012,Neurological,TRUE
40-44 years,22.448939324825147,2006-2012,Neurological,TRUE
45-49 years,37.4941141353101,2006-2012,Neurological,TRUE
5-9 years,7.988465447052363,2006-2012,Neurological,TRUE
50-54 years,25.554722712637897,2006-2012,Neurological,TRUE
55-59 years,11.437298697123254,2006-2012,Neurological,TRUE
60-64 years,20.757761525707224,2006-2012,Neurological,TRUE
65-69 years,52.53533026647642,2006-2012,Neurological,TRUE
70-74 years,141.08173225320184,2006-2012,Neurological,TRUE
75-79 years,136.51273751015196,2006-2012,Neurological,TRUE
80-84 years,-99.64359967612428,2006-2012,Neurological,TRUE
< 1 year,86.4499890356359,2006-2012,Neurological,TRUE
1-4 years,5.615271422191469,2013-2019,Neurological,TRUE
10-14 years,14.316853131751143,2013-2019,Neurological,TRUE
15-19 years,60.93780060075862,2013-2019,Neurological,TRUE
20-24 years,71.30135596410332,2013-2019,Neurological,TRUE
25-29 years,56.03893998424507,2013-2019,Neurological,TRUE
30-34 years,38.45736067790861,2013-2019,Neurological,TRUE
35-39 years,29.17274187642451,2013-2019,Neurological,TRUE
40-44 years,25.67841834244581,2013-2019,Neurological,TRUE
45-49 years,32.63642730867099,2013-2019,Neurological,TRUE
5-9 years,12.678486205089529,2013-2019,Neurological,TRUE
50-54 years,42.084276674266846,2013-2019,Neurological,TRUE
55-59 years,40.711435677669385,2013-2019,Neurological,TRUE
60-64 years,54.840987798676906,2013-2019,Neurological,TRUE
65-69 years,72.03872662789422,2013-2019,Neurological,TRUE
70-74 years,130.8172836267604,2013-2019,Neurological,TRUE
75-79 years,141.31646686224303,2013-2019,Neurological,TRUE
80-84 years,-218.79558987835117,2013-2019,Neurological,TRUE
< 1 year,63.52416328440506,2013-2019,Neurological,TRUE
1-4 years,15.344855777744357,2020-2022,Neurological,TRUE
10-14 years,15.469515973762796,2020-2022,Neurological,TRUE
15-19 years,56.22995425648878,2020-2022,Neurological,TRUE
20-24 years,68.1449206201813,2020-2022,Neurological,TRUE
25-29 years,66.4291863764006,2020-2022,Neurological,TRUE
30-34 years,55.18343527669933,2020-2022,Neurological,TRUE
35-39 years,39.7957172535489,2020-2022,Neurological,TRUE
40-44 years,37.87318022988089,2020-2022,Neurological,TRUE
45-49 years,16.35600531079058,2020-2022,Neurological,TRUE
5-9 years,4.050866566716778,2020-2022,Neurological,TRUE
50-54 years,38.190929667728824,2020-2022,Neurological,TRUE
55-59 years,34.553943747179915,2020-2022,Neurological,TRUE
60-64 years,41.46571286515166,2020-2022,Neurological,TRUE
65-69 years,82.68680295918512,2020-2022,Neurological,TRUE
70-74 years,31.787460823566335,2020-2022,Neurological,TRUE
75-79 years,-114.24012992540702,2020-2022,Neurological,TRUE
80-84 years,-627.0868717100338,2020-2022,Neurological,TRUE
< 1 year,83.93196085227476,2020-2022,Neurological,TRUE
1-4 years,-3.511903705948714,2000-2005,Eye and Adnexa,FALSE
10-14 years,-3.812524244803165,2000-2005,Eye and Adnexa,FALSE
15-19 years,0.28750603999539814,2000-2005,Eye and Adnexa,FALSE
20-24 years,2.1660004195537135,2000-2005,Eye and Adnexa,FALSE
25-29 years,-2.9857556137793733,2000-2005,Eye and Adnexa,FALSE
45-49 years,-1.4822266843753715,2000-2005,Eye and Adnexa,FALSE
5-9 years,0.5174205508319605,2000-2005,Eye and Adnexa,FALSE
50-54 years,-0.6851625569833333,2000-2005,Eye and Adnexa,FALSE
55-59 years,-0.05826499427882825,2000-2005,Eye and Adnexa,FALSE
60-64 years,0.04702784724149378,2000-2005,Eye and Adnexa,FALSE
65-69 years,-0.02672845414909086,2000-2005,Eye and Adnexa,FALSE
70-74 years,-0.2529155037516042,2000-2005,Eye and Adnexa,FALSE
75-79 years,0.09479630422063146,2000-2005,Eye and Adnexa,FALSE
80-84 years,0.389270977639278,2000-2005,Eye and Adnexa,FALSE
< 1 year,-8.403462235736665,2000-2005,Eye and Adnexa,FALSE
10-14 years,3.8351631722380217,2006-2012,Eye and Adnexa,FALSE
15-19 years,-1.7820880237733183,2006-2012,Eye and Adnexa,FALSE
20-24 years,-1.1077741157684975,2006-2012,Eye and Adnexa,FALSE
25-29 years,-0.31054634001119297,2006-2012,Eye and Adnexa,FALSE
35-39 years,0.5027290521630527,2006-2012,Eye and Adnexa,FALSE
40-44 years,-0.39800078672800954,2006-2012,Eye and Adnexa,FALSE
45-49 years,-0.40026760692068875,2006-2012,Eye and Adnexa,FALSE
50-54 years,-0.8992696040706937,2006-2012,Eye and Adnexa,FALSE
55-59 years,0.11466560246651736,2006-2012,Eye and Adnexa,FALSE
60-64 years,-0.27654796301535955,2006-2012,Eye and Adnexa,FALSE
65-69 years,-0.6412182448608654,2006-2012,Eye and Adnexa,FALSE
70-74 years,-0.714786123370587,2006-2012,Eye and Adnexa,FALSE
75-79 years,0.7638211839407251,2006-2012,Eye and Adnexa,FALSE
80-84 years,-0.4403307552120228,2006-2012,Eye and Adnexa,FALSE
< 1 year,15.426406385210026,2006-2012,Eye and Adnexa,FALSE
1-4 years,-0.230177451973006,2013-2019,Eye and Adnexa,FALSE
10-14 years,0.06545139721715998,2013-2019,Eye and Adnexa,FALSE
15-19 years,-0.14418910989354594,2013-2019,Eye and Adnexa,FALSE
25-29 years,0.4578426801457311,2013-2019,Eye and Adnexa,FALSE
30-34 years,2.8042610711755223,2013-2019,Eye and Adnexa,FALSE
40-44 years,1.3978496720596536,2013-2019,Eye and Adnexa,FALSE
45-49 years,-0.4199105102796712,2013-2019,Eye and Adnexa,FALSE
5-9 years,0.62116143095546,2013-2019,Eye and Adnexa,FALSE
50-54 years,-0.6897441499070358,2013-2019,Eye and Adnexa,FALSE
55-59 years,-0.21597302881235492,2013-2019,Eye and Adnexa,FALSE
60-64 years,-0.34268510372105854,2013-2019,Eye and Adnexa,FALSE
65-69 years,-0.4229607568775629,2013-2019,Eye and Adnexa,FALSE
70-74 years,-0.2155866617391544,2013-2019,Eye and Adnexa,FALSE
75-79 years,0.6174349536488937,2013-2019,Eye and Adnexa,FALSE
80-84 years,0.31768551285502933,2013-2019,Eye and Adnexa,FALSE
< 1 year,5.099736494242453,2013-2019,Eye and Adnexa,FALSE
10-14 years,-0.3014705230655137,2020-2022,Eye and Adnexa,FALSE
15-19 years,-0.6853734032233065,2020-2022,Eye and Adnexa,FALSE
30-34 years,-0.3126570295039084,2020-2022,Eye and Adnexa,FALSE
45-49 years,-1.8200780951823048,2020-2022,Eye and Adnexa,FALSE
55-59 years,1.1785827938181657,2020-2022,Eye and Adnexa,FALSE
60-64 years,-1.2779129442879638,2020-2022,Eye and Adnexa,FALSE
65-69 years,1.1808003568249714,2020-2022,Eye and Adnexa,FALSE
70-74 years,0.3316672889138982,2020-2022,Eye and Adnexa,FALSE
75-79 years,-0.35464491398489995,2020-2022,Eye and Adnexa,FALSE
80-84 years,0.5470373983053156,2020-2022,Eye and Adnexa,FALSE
1-4 years,-2.1249094073081247,2000-2005,Ear and Mastoid,FALSE
10-14 years,-0.1440746129776711,2000-2005,Ear and Mastoid,FALSE
20-24 years,-3.93102039614069,2000-2005,Ear and Mastoid,FALSE
25-29 years,0.7036684189470805,2000-2005,Ear and Mastoid,FALSE
30-34 years,-1.5928657601054574,2000-2005,Ear and Mastoid,FALSE
35-39 years,1.088794708926452,2000-2005,Ear and Mastoid,FALSE
40-44 years,-0.3672794878233734,2000-2005,Ear and Mastoid,FALSE
45-49 years,-0.762161311330317,2000-2005,Ear and Mastoid,FALSE
50-54 years,-0.3761216465398072,2000-2005,Ear and Mastoid,FALSE
55-59 years,-1.1583257025084863,2000-2005,Ear and Mastoid,FALSE
60-64 years,-0.01153554696393532,2000-2005,Ear and Mastoid,FALSE
65-69 years,-0.1612476907870073,2000-2005,Ear and Mastoid,FALSE
70-74 years,-0.4689767907742597,2000-2005,Ear and Mastoid,FALSE
75-79 years,-0.23776794027683937,2000-2005,Ear and Mastoid,FALSE
80-84 years,-0.03896432160354424,2000-2005,Ear and Mastoid,FALSE
< 1 year,-18.26778965664943,2000-2005,Ear and Mastoid,FALSE
1-4 years,-0.9533253570760049,2006-2012,Ear and Mastoid,FALSE
10-14 years,-0.5620537907927234,2006-2012,Ear and Mastoid,FALSE
15-19 years,1.1539548778400237,2006-2012,Ear and Mastoid,FALSE
20-24 years,0.3932466506074946,2006-2012,Ear and Mastoid,FALSE
25-29 years,-0.14089332828267676,2006-2012,Ear and Mastoid,FALSE
30-34 years,-0.7563817308430756,2006-2012,Ear and Mastoid,FALSE
35-39 years,-0.4266130637682049,2006-2012,Ear and Mastoid,FALSE
40-44 years,-1.149784017773131,2006-2012,Ear and Mastoid,FALSE
45-49 years,-0.4753383180189441,2006-2012,Ear and Mastoid,FALSE
50-54 years,-0.6618424661432423,2006-2012,Ear and Mastoid,FALSE
55-59 years,-0.7716471775365656,2006-2012,Ear and Mastoid,FALSE
60-64 years,0.4519144390775558,2006-2012,Ear and Mastoid,FALSE
65-69 years,-0.7413684084050736,2006-2012,Ear and Mastoid,FALSE
70-74 years,0.2523156106159592,2006-2012,Ear and Mastoid,FALSE
75-79 years,0.27068498765223636,2006-2012,Ear and Mastoid,FALSE
80-84 years,0.31108449170739294,2006-2012,Ear and Mastoid,FALSE
< 1 year,-1.2901943878658582,2006-2012,Ear and Mastoid,FALSE
1-4 years,3.6785832020360454,2013-2019,Ear and Mastoid,FALSE
10-14 years,-2.714542520237803,2013-2019,Ear and Mastoid,FALSE
15-19 years,3.2924300010244307,2013-2019,Ear and Mastoid,FALSE
20-24 years,0.34604715855332246,2013-2019,Ear and Mastoid,FALSE
25-29 years,-1.6164228392298474,2013-2019,Ear and Mastoid,FALSE
30-34 years,-0.4236895791845692,2013-2019,Ear and Mastoid,FALSE
35-39 years,-0.3462179066042983,2013-2019,Ear and Mastoid,FALSE
40-44 years,-0.10790555672837689,2013-2019,Ear and Mastoid,FALSE
45-49 years,-0.30990100298432166,2013-2019,Ear and Mastoid,FALSE
5-9 years,-4.646916694819135,2013-2019,Ear and Mastoid,FALSE
50-54 years,-0.7530674013215216,2013-2019,Ear and Mastoid,FALSE
55-59 years,-0.10785458562022587,2013-2019,Ear and Mastoid,FALSE
60-64 years,-0.26415269307764344,2013-2019,Ear and Mastoid,FALSE
65-69 years,-0.1739685876589112,2013-2019,Ear and Mastoid,FALSE
70-74 years,-0.1737839029771271,2013-2019,Ear and Mastoid,FALSE
75-79 years,0.01272636232575386,2013-2019,Ear and Mastoid,FALSE
80-84 years,0.7062464154049852,2013-2019,Ear and Mastoid,FALSE
< 1 year,-3.992261963561738,2013-2019,Ear and Mastoid,FALSE
1-4 years,-4.730712919978489,2020-2022,Ear and Mastoid,FALSE
20-24 years,3.117499970820625,2020-2022,Ear and Mastoid,FALSE
25-29 years,0.9611489548105108,2020-2022,Ear and Mastoid,FALSE
30-34 years,0.04172750731583985,2020-2022,Ear and Mastoid,FALSE
40-44 years,-0.24243600260803477,2020-2022,Ear and Mastoid,FALSE
45-49 years,-0.1780122201640424,2020-2022,Ear and Mastoid,FALSE
50-54 years,-0.6777372480019859,2020-2022,Ear and Mastoid,FALSE
55-59 years,-0.01741510616197228,2020-2022,Ear and Mastoid,FALSE
60-64 years,-0.28254900830749996,2020-2022,Ear and Mastoid,FALSE
65-69 years,0.32799416635031026,2020-2022,Ear and Mastoid,FALSE
70-74 years,0.9283959366510764,2020-2022,Ear and Mastoid,FALSE
75-79 years,0.3430894015013092,2020-2022,Ear and Mastoid,FALSE
80-84 years,-0.4129480272674766,2020-2022,Ear and Mastoid,FALSE
1-4 years,2.9910337035476573,2000-2005,Circulatory,TRUE
10-14 years,10.986592793561757,2000-2005,Circulatory,TRUE
15-19 years,59.69995751886279,2000-2005,Circulatory,TRUE
20-24 years,99.37782779952268,2000-2005,Circulatory,TRUE
25-29 years,162.47202199968456,2000-2005,Circulatory,TRUE
30-34 years,300.63982486937323,2000-2005,Circulatory,TRUE
35-39 years,591.4391272707021,2000-2005,Circulatory,TRUE
40-44 years,1187.6190745879169,2000-2005,Circulatory,TRUE
45-49 years,2111.666601143545,2000-2005,Circulatory,TRUE
5-9 years,-6.412246649144166,2000-2005,Circulatory,TRUE
50-54 years,3086.8843977668,2000-2005,Circulatory,TRUE
55-59 years,3845.030748560133,2000-2005,Circulatory,TRUE
60-64 years,4485.6582632589425,2000-2005,Circulatory,TRUE
65-69 years,4671.4961652044985,2000-2005,Circulatory,TRUE
70-74 years,4914.696432953951,2000-2005,Circulatory,TRUE
75-79 years,4660.036267003263,2000-2005,Circulatory,TRUE
80-84 years,3468.576110837541,2000-2005,Circulatory,TRUE
< 1 year,75.52856055137477,2000-2005,Circulatory,TRUE
1-4 years,-3.8175597647370263,2006-2012,Circulatory,TRUE
10-14 years,7.6655695194414974,2006-2012,Circulatory,TRUE
15-19 years,61.97571795029931,2006-2012,Circulatory,TRUE
20-24 years,120.27858390150408,2006-2012,Circulatory,TRUE
25-29 years,203.24767972870023,2006-2012,Circulatory,TRUE
30-34 years,354.81215451525475,2006-2012,Circulatory,TRUE
35-39 years,624.338679807635,2006-2012,Circulatory,TRUE
40-44 years,1074.5798058662465,2006-2012,Circulatory,TRUE
45-49 years,1810.9561412011303,2006-2012,Circulatory,TRUE
5-9 years,-3.3886617959514,2006-2012,Circulatory,TRUE
50-54 years,2795.9856166836157,2006-2012,Circulatory,TRUE
55-59 years,3644.781539850266,2006-2012,Circulatory,TRUE
60-64 years,3989.963180805955,2006-2012,Circulatory,TRUE
65-69 years,4109.694170686044,2006-2012,Circulatory,TRUE
70-74 years,3975.9359850932506,2006-2012,Circulatory,TRUE
75-79 years,3623.3617759755457,2006-2012,Circulatory,TRUE
80-84 years,3081.609468045841,2006-2012,Circulatory,TRUE
< 1 year,128.82130874664858,2006-2012,Circulatory,TRUE
1-4 years,5.446405235610854,2013-2019,Circulatory,TRUE
10-14 years,6.139142019101506,2013-2019,Circulatory,TRUE
15-19 years,44.66943394921293,2013-2019,Circulatory,TRUE
20-24 years,103.22607226318726,2013-2019,Circulatory,TRUE
25-29 years,176.3956594261589,2013-2019,Circulatory,TRUE
30-34 years,339.5870089063518,2013-2019,Circulatory,TRUE
35-39 years,572.5902975895052,2013-2019,Circulatory,TRUE
40-44 years,1021.145211081516,2013-2019,Circulatory,TRUE
45-49 years,1635.148131868189,2013-2019,Circulatory,TRUE
5-9 years,-2.6860799876852113,2013-2019,Circulatory,TRUE
50-54 years,2527.680255831717,2013-2019,Circulatory,TRUE
55-59 years,3473.4559612281673,2013-2019,Circulatory,TRUE
60-64 years,4252.780664779557,2013-2019,Circulatory,TRUE
65-69 years,4318.1971816574805,2013-2019,Circulatory,TRUE
70-74 years,4121.697517405593,2013-2019,Circulatory,TRUE
75-79 years,3880.601152573159,2013-2019,Circulatory,TRUE
80-84 years,3233.6189511315806,2013-2019,Circulatory,TRUE
< 1 year,66.07922237998662,2013-2019,Circulatory,TRUE
1-4 years,6.616128118427042,2020-2022,Circulatory,TRUE
10-14 years,5.145906803159704,2020-2022,Circulatory,TRUE
15-19 years,39.31712924709109,2020-2022,Circulatory,TRUE
20-24 years,77.60469975024228,2020-2022,Circulatory,TRUE
25-29 years,189.2821142095731,2020-2022,Circulatory,TRUE
30-34 years,348.65014101165605,2020-2022,Circulatory,TRUE
35-39 years,664.9487080654275,2020-2022,Circulatory,TRUE
40-44 years,1059.293310790341,2020-2022,Circulatory,TRUE
45-49 years,1673.188397619335,2020-2022,Circulatory,TRUE
5-9 years,-1.956426615133637,2020-2022,Circulatory,TRUE
50-54 years,2577.0573262434364,2020-2022,Circulatory,TRUE
55-59 years,3514.4193019711083,2020-2022,Circulatory,TRUE
60-64 years,4338.063162147406,2020-2022,Circulatory,TRUE
65-69 years,4513.794838117204,2020-2022,Circulatory,TRUE
70-74 years,4096.023722939858,2020-2022,Circulatory,TRUE
75-79 years,3684.714991043657,2020-2022,Circulatory,TRUE
80-84 years,3311.4728137503644,2020-2022,Circulatory,TRUE
< 1 year,6.808850087995893,2020-2022,Circulatory,TRUE
1-4 years,13.489374516714491,2000-2005,Respiratory,TRUE
10-14 years,3.0523152962295157,2000-2005,Respiratory,TRUE
15-19 years,18.271154650864815,2000-2005,Respiratory,TRUE
20-24 years,17.24808538892684,2000-2005,Respiratory,TRUE
25-29 years,11.895912592680574,2000-2005,Respiratory,TRUE
30-34 years,11.975011444013518,2000-2005,Respiratory,TRUE
35-39 years,0.5478093635080086,2000-2005,Respiratory,TRUE
40-44 years,8.418437492187877,2000-2005,Respiratory,TRUE
45-49 years,42.02322067042184,2000-2005,Respiratory,TRUE
5-9 years,6.348766993305702,2000-2005,Respiratory,TRUE
50-54 years,79.58468421877683,2000-2005,Respiratory,TRUE
55-59 years,88.52690303920826,2000-2005,Respiratory,TRUE
60-64 years,175.24862828461846,2000-2005,Respiratory,TRUE
65-69 years,384.6166887505433,2000-2005,Respiratory,TRUE
70-74 years,796.1540957926045,2000-2005,Respiratory,TRUE
75-79 years,1317.8674973321567,2000-2005,Respiratory,TRUE
80-84 years,1912.3011763887432,2000-2005,Respiratory,TRUE
< 1 year,308.2265596030504,2000-2005,Respiratory,TRUE
1-4 years,13.916460340903626,2006-2012,Respiratory,TRUE
10-14 years,5.760285677349145,2006-2012,Respiratory,TRUE
15-19 years,10.922929049971764,2006-2012,Respiratory,TRUE
20-24 years,28.781985312999183,2006-2012,Respiratory,TRUE
25-29 years,18.289444273064277,2006-2012,Respiratory,TRUE
30-34 years,11.044271621368182,2006-2012,Respiratory,TRUE
35-39 years,-0.10785440000663016,2006-2012,Respiratory,TRUE
40-44 years,-11.105308132952755,2006-2012,Respiratory,TRUE
45-49 years,-24.972846348601877,2006-2012,Respiratory,TRUE
5-9 years,12.075805215464278,2006-2012,Respiratory,TRUE
50-54 years,29.746736741012228,2006-2012,Respiratory,TRUE
55-59 years,151.94370747323728,2006-2012,Respiratory,TRUE
60-64 years,224.79735493082853,2006-2012,Respiratory,TRUE
65-69 years,290.2599784042295,2006-2012,Respiratory,TRUE
70-74 years,532.4880518180571,2006-2012,Respiratory,TRUE
75-79 years,904.7720702166152,2006-2012,Respiratory,TRUE
80-84 years,1467.4996786500606,2006-2012,Respiratory,TRUE
< 1 year,321.5380726867977,2006-2012,Respiratory,TRUE
1-4 years,23.4873680034939,2013-2019,Respiratory,TRUE
10-14 years,2.259686257025372,2013-2019,Respiratory,TRUE
15-19 years,13.33324582690222,2013-2019,Respiratory,TRUE
20-24 years,26.085252220355414,2013-2019,Respiratory,TRUE
25-29 years,21.87814588676082,2013-2019,Respiratory,TRUE
30-34 years,11.884849051278565,2013-2019,Respiratory,TRUE
35-39 years,11.812459327742545,2013-2019,Respiratory,TRUE
40-44 years,-17.9121018120112,2013-2019,Respiratory,TRUE
45-49 years,-36.82865640651147,2013-2019,Respiratory,TRUE
5-9 years,6.406477240348728,2013-2019,Respiratory,TRUE
50-54 years,-40.43691812630732,2013-2019,Respiratory,TRUE
55-59 years,36.3151610267646,2013-2019,Respiratory,TRUE
60-64 years,257.44766384138984,2013-2019,Respiratory,TRUE
65-69 years,413.173003924976,2013-2019,Respiratory,TRUE
70-74 years,474.4716596709518,2013-2019,Respiratory,TRUE
75-79 years,670.4157153689721,2013-2019,Respiratory,TRUE
80-84 years,905.4762499760482,2013-2019,Respiratory,TRUE
< 1 year,238.08396745969665,2013-2019,Respiratory,TRUE
1-4 years,0.8130275071152226,2020-2022,Respiratory,TRUE
10-14 years,11.163652310036111,2020-2022,Respiratory,TRUE
15-19 years,2.7262366307685255,2020-2022,Respiratory,TRUE
20-24 years,15.24606705946961,2020-2022,Respiratory,TRUE
25-29 years,24.723031338368315,2020-2022,Respiratory,TRUE
30-34 years,30.14864399984299,2020-2022,Respiratory,TRUE
35-39 years,15.554695860939376,2020-2022,Respiratory,TRUE
40-44 years,11.901833954830463,2020-2022,Respiratory,TRUE
45-49 years,0.1510879010901931,2020-2022,Respiratory,TRUE
5-9 years,6.181302767233987,2020-2022,Respiratory,TRUE
50-54 years,-25.252313195085776,2020-2022,Respiratory,TRUE
55-59 years,-13.431867511204018,2020-2022,Respiratory,TRUE
60-64 years,122.34143696096316,2020-2022,Respiratory,TRUE
65-69 years,423.0790292432426,2020-2022,Respiratory,TRUE
70-74 years,524.1935812136476,2020-2022,Respiratory,TRUE
75-79 years,583.35821491141,2020-2022,Respiratory,TRUE
80-84 years,808.072053251427,2020-2022,Respiratory,TRUE
< 1 year,136.53620418495814,2020-2022,Respiratory,TRUE
1-4 years,18.155666779416435,2000-2005,Digestive,TRUE
10-14 years,-2.137392492507427,2000-2005,Digestive,TRUE
15-19 years,-0.14944324921594898,2000-2005,Digestive,TRUE
20-24 years,5.872641722870647,2000-2005,Digestive,TRUE
25-29 years,21.23706827468874,2000-2005,Digestive,TRUE
30-34 years,67.86959403442229,2000-2005,Digestive,TRUE
35-39 years,137.75935268329914,2000-2005,Digestive,TRUE
40-44 years,307.20331651132,2000-2005,Digestive,TRUE
45-49 years,591.841916199671,2000-2005,Digestive,TRUE
5-9 years,4.390908203645303,2000-2005,Digestive,TRUE
50-54 years,737.2749542634447,2000-2005,Digestive,TRUE
55-59 years,589.465503207074,2000-2005,Digestive,TRUE
60-64 years,466.4068702822152,2000-2005,Digestive,TRUE
65-69 years,289.71145005372114,2000-2005,Digestive,TRUE
70-74 years,152.36638557875017,2000-2005,Digestive,TRUE
75-79 years,27.137989647355425,2000-2005,Digestive,TRUE
80-84 years,-126.69117586319408,2000-2005,Digestive,TRUE
< 1 year,283.4628561240654,2000-2005,Digestive,TRUE
1-4 years,3.812397324671032,2006-2012,Digestive,TRUE
10-14 years,-0.24303629248164785,2006-2012,Digestive,TRUE
15-19 years,5.320057656229835,2006-2012,Digestive,TRUE
20-24 years,8.82775248064462,2006-2012,Digestive,TRUE
25-29 years,31.424994826163346,2006-2012,Digestive,TRUE
30-34 years,63.57398975742433,2006-2012,Digestive,TRUE
35-39 years,123.83019094487582,2006-2012,Digestive,TRUE
40-44 years,233.90983651935676,2006-2012,Digestive,TRUE
45-49 years,436.5264985202258,2006-2012,Digestive,TRUE
5-9 years,-0.5831093454068146,2006-2012,Digestive,TRUE
50-54 years,700.0952064679451,2006-2012,Digestive,TRUE
55-59 years,783.8013822913312,2006-2012,Digestive,TRUE
60-64 years,569.5878631578653,2006-2012,Digestive,TRUE
65-69 years,349.21102949016733,2006-2012,Digestive,TRUE
70-74 years,138.0137104282719,2006-2012,Digestive,TRUE
75-79 years,14.164158968701711,2006-2012,Digestive,TRUE
80-84 years,-59.11810378058226,2006-2012,Digestive,TRUE
< 1 year,172.85219768257252,2006-2012,Digestive,TRUE
1-4 years,7.2458105454829,2013-2019,Digestive,TRUE
10-14 years,2.3753701454861,2013-2019,Digestive,TRUE
15-19 years,2.8286387436613154,2013-2019,Digestive,TRUE
20-24 years,11.683249359495145,2013-2019,Digestive,TRUE
25-29 years,34.584800941912704,2013-2019,Digestive,TRUE
30-34 years,77.9221248831116,2013-2019,Digestive,TRUE
35-39 years,123.40464008260192,2013-2019,Digestive,TRUE
40-44 years,194.26867139988832,2013-2019,Digestive,TRUE
45-49 years,336.858129748584,2013-2019,Digestive,TRUE
5-9 years,0.00809576564795655,2013-2019,Digestive,TRUE
50-54 years,534.9405124649866,2013-2019,Digestive,TRUE
55-59 years,707.9468557997334,2013-2019,Digestive,TRUE
60-64 years,697.4314267094896,2013-2019,Digestive,TRUE
65-69 years,461.5778821123335,2013-2019,Digestive,TRUE
70-74 years,205.8624681849976,2013-2019,Digestive,TRUE
75-79 years,71.22800676765792,2013-2019,Digestive,TRUE
80-84 years,-21.137774065463873,2013-2019,Digestive,TRUE
< 1 year,74.90160916597443,2013-2019,Digestive,TRUE
1-4 years,-2.2434637094843275,2020-2022,Digestive,TRUE
10-14 years,5.227341900495887,2020-2022,Digestive,TRUE
15-19 years,6.7392041330186245,2020-2022,Digestive,TRUE
20-24 years,27.88446114553299,2020-2022,Digestive,TRUE
25-29 years,70.03283059335592,2020-2022,Digestive,TRUE
30-34 years,149.8633263791134,2020-2022,Digestive,TRUE
35-39 years,247.87815377642312,2020-2022,Digestive,TRUE
40-44 years,299.8644064253443,2020-2022,Digestive,TRUE
45-49 years,368.14072823798733,2020-2022,Digestive,TRUE
5-9 years,2.77638113621194,2020-2022,Digestive,TRUE
50-54 years,483.5358637099696,2020-2022,Digestive,TRUE
55-59 years,638.3292703997438,2020-2022,Digestive,TRUE
60-64 years,595.0965452038665,2020-2022,Digestive,TRUE
65-69 years,457.5870123523723,2020-2022,Digestive,TRUE
70-74 years,202.9663742558928,2020-2022,Digestive,TRUE
75-79 years,79.68248765680505,2020-2022,Digestive,TRUE
80-84 years,-22.14270402415673,2020-2022,Digestive,TRUE
< 1 year,80.08610712306574,2020-2022,Digestive,TRUE
1-4 years,-0.22601111384767855,2000-2005,"Skin and Subcutaneous
Tissue",FALSE
10-14 years,-0.4972853223031479,2000-2005,"Skin and Subcutaneous
Tissue",FALSE
15-19 years,-0.6563525296233053,2000-2005,"Skin and Subcutaneous
Tissue",FALSE
20-24 years,-3.488253374183085,2000-2005,"Skin and Subcutaneous
Tissue",FALSE
25-29 years,-6.736003742886583,2000-2005,"Skin and Subcutaneous
Tissue",FALSE
30-34 years,-5.474483746411636,2000-2005,"Skin and Subcutaneous
Tissue",FALSE
35-39 years,-3.0184749430100126,2000-2005,"Skin and Subcutaneous
Tissue",FALSE
40-44 years,-2.7877784987694607,2000-2005,"Skin and Subcutaneous
Tissue",FALSE
45-49 years,-1.5702389250408617,2000-2005,"Skin and Subcutaneous
Tissue",FALSE
5-9 years,-1.407335024981335,2000-2005,"Skin and Subcutaneous
Tissue",FALSE
50-54 years,-1.8975919594624813,2000-2005,"Skin and Subcutaneous
Tissue",FALSE
55-59 years,-4.50888867695998,2000-2005,"Skin and Subcutaneous
Tissue",FALSE
60-64 years,-5.251478427471415,2000-2005,"Skin and Subcutaneous
Tissue",FALSE
65-69 years,-10.484629621667978,2000-2005,"Skin and Subcutaneous
Tissue",FALSE
70-74 years,-9.187218479749518,2000-2005,"Skin and Subcutaneous
Tissue",FALSE
75-79 years,-16.43323134887791,2000-2005,"Skin and Subcutaneous
Tissue",FALSE
80-84 years,-27.343677577138564,2000-2005,"Skin and Subcutaneous
Tissue",FALSE
< 1 year,-1.5348786711400866,2000-2005,"Skin and Subcutaneous
Tissue",FALSE
1-4 years,-0.5537250764980319,2006-2012,"Skin and Subcutaneous
Tissue",FALSE
10-14 years,-0.8955927228393694,2006-2012,"Skin and Subcutaneous
Tissue",FALSE
15-19 years,-1.2318079857826103,2006-2012,"Skin and Subcutaneous
Tissue",FALSE
20-24 years,-1.5016271292926398,2006-2012,"Skin and Subcutaneous
Tissue",FALSE
25-29 years,-0.6128383686164525,2006-2012,"Skin and Subcutaneous
Tissue",FALSE
30-34 years,-3.511060298621019,2006-2012,"Skin and Subcutaneous
Tissue",FALSE
35-39 years,-0.24177360028276415,2006-2012,"Skin and Subcutaneous
Tissue",FALSE
40-44 years,-0.4854953204475052,2006-2012,"Skin and Subcutaneous
Tissue",FALSE
45-49 years,-0.4921120254494262,2006-2012,"Skin and Subcutaneous
Tissue",FALSE
5-9 years,-0.6564137332887139,2006-2012,"Skin and Subcutaneous
Tissue",FALSE
50-54 years,1.9973539968914584,2006-2012,"Skin and Subcutaneous
Tissue",FALSE
55-59 years,-2.0048472134934414,2006-2012,"Skin and Subcutaneous
Tissue",FALSE
60-64 years,-1.1356232295859314,2006-2012,"Skin and Subcutaneous
Tissue",FALSE
65-69 years,-5.4666937544218825,2006-2012,"Skin and Subcutaneous
Tissue",FALSE
70-74 years,-3.8253095096454,2006-2012,"Skin and Subcutaneous
Tissue",FALSE
75-79 years,-9.759699741333035,2006-2012,"Skin and Subcutaneous
Tissue",FALSE
80-84 years,-16.60499228276379,2006-2012,"Skin and Subcutaneous
Tissue",FALSE
< 1 year,-8.848735453641403,2006-2012,"Skin and Subcutaneous
Tissue",FALSE
1-4 years,-2.7661715304462913,2013-2019,"Skin and Subcutaneous
Tissue",FALSE
10-14 years,0.7032236793028637,2013-2019,"Skin and Subcutaneous
Tissue",FALSE
15-19 years,-0.6773570282983261,2013-2019,"Skin and Subcutaneous
Tissue",FALSE
20-24 years,1.1993696562470202,2013-2019,"Skin and Subcutaneous
Tissue",FALSE
25-29 years,-0.3129074471259301,2013-2019,"Skin and Subcutaneous
Tissue",FALSE
30-34 years,-1.8733516849549847,2013-2019,"Skin and Subcutaneous
Tissue",FALSE
35-39 years,-1.296999968300968,2013-2019,"Skin and Subcutaneous
Tissue",FALSE
40-44 years,-0.5328703693585641,2013-2019,"Skin and Subcutaneous
Tissue",FALSE
45-49 years,-0.02151554107151909,2013-2019,"Skin and Subcutaneous
Tissue",FALSE
5-9 years,0.0808222032496424,2013-2019,"Skin and Subcutaneous
Tissue",FALSE
50-54 years,1.2940005238076644,2013-2019,"Skin and Subcutaneous
Tissue",FALSE
55-59 years,0.15044502373870472,2013-2019,"Skin and Subcutaneous
Tissue",FALSE
60-64 years,5.896395993158961,2013-2019,"Skin and Subcutaneous
Tissue",FALSE
65-69 years,-3.5817676268156617,2013-2019,"Skin and Subcutaneous
Tissue",FALSE
70-74 years,-7.339402355764349,2013-2019,"Skin and Subcutaneous
Tissue",FALSE
75-79 years,-7.514525379341535,2013-2019,"Skin and Subcutaneous
Tissue",FALSE
80-84 years,-13.410090655139612,2013-2019,"Skin and Subcutaneous
Tissue",FALSE
< 1 year,2.005777450913111,2013-2019,"Skin and Subcutaneous
Tissue",FALSE
1-4 years,3.3009498739196985,2020-2022,"Skin and Subcutaneous
Tissue",FALSE
10-14 years,0.6425516016253736,2020-2022,"Skin and Subcutaneous
Tissue",FALSE
15-19 years,2.682763337390099,2020-2022,"Skin and Subcutaneous
Tissue",FALSE
20-24 years,-3.145626684799592,2020-2022,"Skin and Subcutaneous
Tissue",FALSE
25-29 years,-2.5256781044361314,2020-2022,"Skin and Subcutaneous
Tissue",FALSE
30-34 years,-3.75996115481094,2020-2022,"Skin and Subcutaneous
Tissue",FALSE
35-39 years,-4.813897386216864,2020-2022,"Skin and Subcutaneous
Tissue",FALSE
40-44 years,0.6734623527906081,2020-2022,"Skin and Subcutaneous
Tissue",FALSE
45-49 years,-2.4406904142407164,2020-2022,"Skin and Subcutaneous
Tissue",FALSE
50-54 years,0.6014935284882199,2020-2022,"Skin and Subcutaneous
Tissue",FALSE
55-59 years,-0.7478455172733263,2020-2022,"Skin and Subcutaneous
Tissue",FALSE
60-64 years,-3.712371201952692,2020-2022,"Skin and Subcutaneous
Tissue",FALSE
65-69 years,5.224385758060265,2020-2022,"Skin and Subcutaneous
Tissue",FALSE
70-74 years,-7.988796672555495,2020-2022,"Skin and Subcutaneous
Tissue",FALSE
75-79 years,-13.61618152750647,2020-2022,"Skin and Subcutaneous
Tissue",FALSE
80-84 years,-10.857772443573865,2020-2022,"Skin and Subcutaneous
Tissue",FALSE
< 1 year,2.975066236820158,2020-2022,"Skin and Subcutaneous
Tissue",FALSE
1-4 years,3.396759931149094,2000-2005,"MSK and Connective
Tissue",FALSE
10-14 years,-5.819873740088998,2000-2005,"MSK and Connective
Tissue",FALSE
15-19 years,-14.07149920846948,2000-2005,"MSK and Connective
Tissue",FALSE
20-24 years,-33.11819257133513,2000-2005,"MSK and Connective
Tissue",FALSE
25-29 years,-39.70391890643712,2000-2005,"MSK and Connective
Tissue",FALSE
30-34 years,-39.254682704190714,2000-2005,"MSK and Connective
Tissue",FALSE
35-39 years,-41.28578315107841,2000-2005,"MSK and Connective
Tissue",FALSE
40-44 years,-49.66702099820675,2000-2005,"MSK and Connective
Tissue",FALSE
45-49 years,-56.82460842722957,2000-2005,"MSK and Connective
Tissue",FALSE
5-9 years,-0.2642002053267358,2000-2005,"MSK and Connective
Tissue",FALSE
50-54 years,-59.59384544292816,2000-2005,"MSK and Connective
Tissue",FALSE
55-59 years,-75.45447277165994,2000-2005,"MSK and Connective
Tissue",FALSE
60-64 years,-90.73322850374846,2000-2005,"MSK and Connective
Tissue",FALSE
65-69 years,-107.00748901322358,2000-2005,"MSK and Connective
Tissue",FALSE
70-74 years,-123.92229231436238,2000-2005,"MSK and Connective
Tissue",FALSE
75-79 years,-148.49879762873448,2000-2005,"MSK and Connective
Tissue",FALSE
80-84 years,-190.65810326946513,2000-2005,"MSK and Connective
Tissue",FALSE
< 1 year,2.9224271819762855,2000-2005,"MSK and Connective
Tissue",FALSE
1-4 years,-0.45789521937588606,2006-2012,"MSK and Connective
Tissue",FALSE
10-14 years,-5.506758264082179,2006-2012,"MSK and Connective
Tissue",FALSE
15-19 years,-8.30622061776117,2006-2012,"MSK and Connective
Tissue",FALSE
20-24 years,-22.810253125660907,2006-2012,"MSK and Connective
Tissue",FALSE
25-29 years,-30.615808783231344,2006-2012,"MSK and Connective
Tissue",FALSE
30-34 years,-33.131034794406894,2006-2012,"MSK and Connective
Tissue",FALSE
35-39 years,-39.9537679462642,2006-2012,"MSK and Connective
Tissue",FALSE
40-44 years,-39.20487275869259,2006-2012,"MSK and Connective
Tissue",FALSE
45-49 years,-44.902075879444666,2006-2012,"MSK and Connective
Tissue",FALSE
5-9 years,-0.2936611215203735,2006-2012,"MSK and Connective
Tissue",FALSE
50-54 years,-49.91189586922788,2006-2012,"MSK and Connective
Tissue",FALSE
55-59 years,-51.03249575252201,2006-2012,"MSK and Connective
Tissue",FALSE
60-64 years,-71.94989053115924,2006-2012,"MSK and Connective
Tissue",FALSE
65-69 years,-80.35019404452548,2006-2012,"MSK and Connective
Tissue",FALSE
70-74 years,-102.51166009701495,2006-2012,"MSK and Connective
Tissue",FALSE
75-79 years,-126.76165720730378,2006-2012,"MSK and Connective
Tissue",FALSE
80-84 years,-147.32544596439857,2006-2012,"MSK and Connective
Tissue",FALSE
< 1 year,-0.2919067022626365,2006-2012,"MSK and Connective
Tissue",FALSE
1-4 years,2.1925074557153943,2013-2019,"MSK and Connective
Tissue",FALSE
10-14 years,-0.7633784836376614,2013-2019,"MSK and Connective
Tissue",FALSE
15-19 years,-6.091926141414505,2013-2019,"MSK and Connective
Tissue",FALSE
20-24 years,-14.193625757986604,2013-2019,"MSK and Connective
Tissue",FALSE
25-29 years,-25.06965028058595,2013-2019,"MSK and Connective
Tissue",FALSE
30-34 years,-25.63417032665283,2013-2019,"MSK and Connective
Tissue",FALSE
35-39 years,-30.97079928017093,2013-2019,"MSK and Connective
Tissue",FALSE
40-44 years,-34.986588871796265,2013-2019,"MSK and Connective
Tissue",FALSE
45-49 years,-35.46622126608365,2013-2019,"MSK and Connective
Tissue",FALSE
5-9 years,-0.8501241380582503,2013-2019,"MSK and Connective
Tissue",FALSE
50-54 years,-34.00330675987776,2013-2019,"MSK and Connective
Tissue",FALSE
55-59 years,-36.550062102870086,2013-2019,"MSK and Connective
Tissue",FALSE
60-64 years,-40.20939116846485,2013-2019,"MSK and Connective
Tissue",FALSE
65-69 years,-52.93725971759923,2013-2019,"MSK and Connective
Tissue",FALSE
70-74 years,-67.4515232722242,2013-2019,"MSK and Connective
Tissue",FALSE
75-79 years,-77.10671716340514,2013-2019,"MSK and Connective
Tissue",FALSE
80-84 years,-96.46357174450816,2013-2019,"MSK and Connective
Tissue",FALSE
< 1 year,-1.466392123849683,2013-2019,"MSK and Connective
Tissue",FALSE
1-4 years,-2.234462578639752,2020-2022,"MSK and Connective
Tissue",FALSE
10-14 years,-2.75106881409124,2020-2022,"MSK and Connective
Tissue",FALSE
15-19 years,-6.898801628521042,2020-2022,"MSK and Connective
Tissue",FALSE
20-24 years,-14.248345735333665,2020-2022,"MSK and Connective
Tissue",FALSE
25-29 years,-14.451576164685536,2020-2022,"MSK and Connective
Tissue",FALSE
30-34 years,-20.230218458831914,2020-2022,"MSK and Connective
Tissue",FALSE
35-39 years,-22.664264481631474,2020-2022,"MSK and Connective
Tissue",FALSE
40-44 years,-23.783741509054096,2020-2022,"MSK and Connective
Tissue",FALSE
45-49 years,-30.89548567367526,2020-2022,"MSK and Connective
Tissue",FALSE
5-9 years,-0.43168273682259795,2020-2022,"MSK and Connective
Tissue",FALSE
50-54 years,-26.470950470616003,2020-2022,"MSK and Connective
Tissue",FALSE
55-59 years,-27.436060510523944,2020-2022,"MSK and Connective
Tissue",FALSE
60-64 years,-22.218863446875886,2020-2022,"MSK and Connective
Tissue",FALSE
65-69 years,-24.80501294156295,2020-2022,"MSK and Connective
Tissue",FALSE
70-74 years,-48.125969945179634,2020-2022,"MSK and Connective
Tissue",FALSE
75-79 years,-51.0404098117302,2020-2022,"MSK and Connective
Tissue",FALSE
80-84 years,-60.80993535854765,2020-2022,"MSK and Connective
Tissue",FALSE
< 1 year,3.648647219417626,2020-2022,"MSK and Connective
Tissue",FALSE
1-4 years,-0.2964358770075979,2000-2005,Genitourinary,FALSE
10-14 years,-0.11685357192605396,2000-2005,Genitourinary,FALSE
15-19 years,-1.113797630322594,2000-2005,Genitourinary,FALSE
20-24 years,-5.162473233255312,2000-2005,Genitourinary,FALSE
25-29 years,-8.631910699278073,2000-2005,Genitourinary,FALSE
30-34 years,-6.78023750536687,2000-2005,Genitourinary,FALSE
35-39 years,-3.8362381445100056,2000-2005,Genitourinary,FALSE
40-44 years,10.467697313513312,2000-2005,Genitourinary,FALSE
45-49 years,25.46930897387466,2000-2005,Genitourinary,FALSE
5-9 years,-0.31949078427772104,2000-2005,Genitourinary,FALSE
50-54 years,34.644768200384334,2000-2005,Genitourinary,FALSE
55-59 years,19.197912757968993,2000-2005,Genitourinary,FALSE
60-64 years,11.367060946987635,2000-2005,Genitourinary,FALSE
65-69 years,7.2220018574653295,2000-2005,Genitourinary,FALSE
70-74 years,28.62053463122686,2000-2005,Genitourinary,FALSE
75-79 years,96.10957044520272,2000-2005,Genitourinary,FALSE
80-84 years,235.73126212338863,2000-2005,Genitourinary,FALSE
< 1 year,96.6319873363787,2000-2005,Genitourinary,FALSE
1-4 years,-1.7989151548174205,2006-2012,Genitourinary,FALSE
10-14 years,-0.43293280969799497,2006-2012,Genitourinary,FALSE
15-19 years,-2.3715797469111273,2006-2012,Genitourinary,FALSE
20-24 years,-4.462755029478103,2006-2012,Genitourinary,FALSE
25-29 years,-4.680181500230326,2006-2012,Genitourinary,FALSE
30-34 years,-2.1124936987064515,2006-2012,Genitourinary,FALSE
35-39 years,-1.5316017137041484,2006-2012,Genitourinary,FALSE
40-44 years,11.498406046937603,2006-2012,Genitourinary,FALSE
45-49 years,18.025066984782,2006-2012,Genitourinary,FALSE
5-9 years,-0.16967587388814565,2006-2012,Genitourinary,FALSE
50-54 years,35.03024164766242,2006-2012,Genitourinary,FALSE
55-59 years,49.01455737535423,2006-2012,Genitourinary,FALSE
60-64 years,43.180888294724866,2006-2012,Genitourinary,FALSE
65-69 years,21.844770732533675,2006-2012,Genitourinary,FALSE
70-74 years,51.01706374295907,2006-2012,Genitourinary,FALSE
75-79 years,105.20119459106309,2006-2012,Genitourinary,FALSE
80-84 years,255.65845221684344,2006-2012,Genitourinary,FALSE
< 1 year,32.08984439412322,2006-2012,Genitourinary,FALSE
1-4 years,-1.5786165378351136,2013-2019,Genitourinary,FALSE
10-14 years,-0.24985134886363225,2013-2019,Genitourinary,FALSE
15-19 years,-2.8240213894827475,2013-2019,Genitourinary,FALSE
20-24 years,-3.878721350519724,2013-2019,Genitourinary,FALSE
25-29 years,-0.3995401075622844,2013-2019,Genitourinary,FALSE
30-34 years,-2.142067448141603,2013-2019,Genitourinary,FALSE
35-39 years,1.394895294317621,2013-2019,Genitourinary,FALSE
40-44 years,5.647652244644803,2013-2019,Genitourinary,FALSE
45-49 years,22.135488692711903,2013-2019,Genitourinary,FALSE
5-9 years,1.196892697383376,2013-2019,Genitourinary,FALSE
50-54 years,54.05005648473218,2013-2019,Genitourinary,FALSE
55-59 years,56.927542712307286,2013-2019,Genitourinary,FALSE
60-64 years,87.50426462296309,2013-2019,Genitourinary,FALSE
65-69 years,70.72993517254451,2013-2019,Genitourinary,FALSE
70-74 years,66.50067400686862,2013-2019,Genitourinary,FALSE
75-79 years,94.2462933786096,2013-2019,Genitourinary,FALSE
80-84 years,225.63597634742973,2013-2019,Genitourinary,FALSE
< 1 year,21.895316040725337,2013-2019,Genitourinary,FALSE
1-4 years,0.02686801182368903,2020-2022,Genitourinary,FALSE
10-14 years,-1.7401916534633808,2020-2022,Genitourinary,FALSE
15-19 years,-3.053851161549817,2020-2022,Genitourinary,FALSE
20-24 years,-2.195274366598902,2020-2022,Genitourinary,FALSE
25-29 years,4.283098161185073,2020-2022,Genitourinary,FALSE
30-34 years,10.696621325299134,2020-2022,Genitourinary,FALSE
35-39 years,1.92018666225394,2020-2022,Genitourinary,FALSE
40-44 years,10.116576811258028,2020-2022,Genitourinary,FALSE
45-49 years,31.81749125301579,2020-2022,Genitourinary,FALSE
5-9 years,0.4566725369145703,2020-2022,Genitourinary,FALSE
50-54 years,46.12622318664222,2020-2022,Genitourinary,FALSE
55-59 years,55.211618531628744,2020-2022,Genitourinary,FALSE
60-64 years,92.08860987717868,2020-2022,Genitourinary,FALSE
65-69 years,89.02226540414983,2020-2022,Genitourinary,FALSE
70-74 years,47.40650692759175,2020-2022,Genitourinary,FALSE
75-79 years,97.05787300564792,2020-2022,Genitourinary,FALSE
80-84 years,199.65401134088145,2020-2022,Genitourinary,FALSE
< 1 year,45.089932135018614,2020-2022,Genitourinary,FALSE
1-4 years,11.485454879251744,2000-2005,Perinatal,FALSE
10-14 years,-0.40856237797964834,2000-2005,Perinatal,FALSE
15-19 years,-1.000368942589014,2000-2005,Perinatal,FALSE
20-24 years,-0.4723233104196862,2000-2005,Perinatal,FALSE
25-29 years,0.45353119935845454,2000-2005,Perinatal,FALSE
30-34 years,-1.0501974078620568,2000-2005,Perinatal,FALSE
35-39 years,-1.457233545334148,2000-2005,Perinatal,FALSE
40-44 years,0.2102565493885664,2000-2005,Perinatal,FALSE
45-49 years,0.12709091004678608,2000-2005,Perinatal,FALSE
5-9 years,1.193877787211286,2000-2005,Perinatal,FALSE
50-54 years,-1.081697427645751,2000-2005,Perinatal,FALSE
55-59 years,-0.1736553549075348,2000-2005,Perinatal,FALSE
60-64 years,0.9181425710633704,2000-2005,Perinatal,FALSE
65-69 years,-0.6349783532566136,2000-2005,Perinatal,FALSE
70-74 years,1.7270281170729611,2000-2005,Perinatal,FALSE
80-84 years,-0.17922674943446135,2000-2005,Perinatal,FALSE
< 1 year,4271.233049732364,2000-2005,Perinatal,FALSE
1-4 years,3.4091008030192,2006-2012,Perinatal,FALSE
10-14 years,1.4699227463670228,2006-2012,Perinatal,FALSE
15-19 years,-1.858635783346541,2006-2012,Perinatal,FALSE
20-24 years,-0.0066451181980871,2006-2012,Perinatal,FALSE
25-29 years,-1.8818967669726512,2006-2012,Perinatal,FALSE
30-34 years,-0.04050328385288582,2006-2012,Perinatal,FALSE
35-39 years,-0.9674373607785572,2006-2012,Perinatal,FALSE
40-44 years,0.8142748468913279,2006-2012,Perinatal,FALSE
45-49 years,1.0463225130807077,2006-2012,Perinatal,FALSE
5-9 years,0.32332745166478194,2006-2012,Perinatal,FALSE
50-54 years,0.19918715411736643,2006-2012,Perinatal,FALSE
55-59 years,0.06590045291016788,2006-2012,Perinatal,FALSE
60-64 years,1.1920611491089192,2006-2012,Perinatal,FALSE
65-69 years,-0.4262480158093953,2006-2012,Perinatal,FALSE
75-79 years,0.14911423994035866,2006-2012,Perinatal,FALSE
80-84 years,-0.8225643112386464,2006-2012,Perinatal,FALSE
< 1 year,3628.6155033522623,2006-2012,Perinatal,FALSE
1-4 years,5.498104330371916,2013-2019,Perinatal,FALSE
10-14 years,-0.5024964953773425,2013-2019,Perinatal,FALSE
15-19 years,0.37438607506728694,2013-2019,Perinatal,FALSE
20-24 years,-0.1642175280369491,2013-2019,Perinatal,FALSE
25-29 years,0.20583215137400449,2013-2019,Perinatal,FALSE
30-34 years,1.3804518356439297,2013-2019,Perinatal,FALSE
35-39 years,1.026026406085883,2013-2019,Perinatal,FALSE
40-44 years,2.2023382029500205,2013-2019,Perinatal,FALSE
45-49 years,0.4825149516007565,2013-2019,Perinatal,FALSE
5-9 years,1.709773987335443,2013-2019,Perinatal,FALSE
50-54 years,-0.05321933221900155,2013-2019,Perinatal,FALSE
55-59 years,-0.2593798436547641,2013-2019,Perinatal,FALSE
60-64 years,0.16722462078270484,2013-2019,Perinatal,FALSE
65-69 years,0.4557348770063801,2013-2019,Perinatal,FALSE
70-74 years,0.5608671453777514,2013-2019,Perinatal,FALSE
80-84 years,-0.22357741289930333,2013-2019,Perinatal,FALSE
< 1 year,3135.366972802738,2013-2019,Perinatal,FALSE
1-4 years,6.549054161081397,2020-2022,Perinatal,FALSE
10-14 years,0.12269729688211496,2020-2022,Perinatal,FALSE
15-19 years,-1.161783561158889,2020-2022,Perinatal,FALSE
20-24 years,-1.1380202775355306,2020-2022,Perinatal,FALSE
25-29 years,-0.9829719808937458,2020-2022,Perinatal,FALSE
30-34 years,0.3082253731150093,2020-2022,Perinatal,FALSE
40-44 years,0.8618199298416398,2020-2022,Perinatal,FALSE
45-49 years,-1.1585853698928652,2020-2022,Perinatal,FALSE
5-9 years,3.058878294128482,2020-2022,Perinatal,FALSE
50-54 years,0.5305967637647295,2020-2022,Perinatal,FALSE
55-59 years,1.3129966688802182,2020-2022,Perinatal,FALSE
60-64 years,0.05170442024395128,2020-2022,Perinatal,FALSE
65-69 years,-0.6816896448764971,2020-2022,Perinatal,FALSE
70-74 years,0.6033101150191857,2020-2022,Perinatal,FALSE
< 1 year,2147.829161692094,2020-2022,Perinatal,FALSE
1-4 years,-5.0250379717903115,2000-2005,Congentinal,FALSE
10-14 years,0.3077753298056223,2000-2005,Congentinal,FALSE
15-19 years,25.180224278881624,2000-2005,Congentinal,FALSE
20-24 years,15.255921111831404,2000-2005,Congentinal,FALSE
25-29 years,13.103654233938002,2000-2005,Congentinal,FALSE
30-34 years,6.270345785769749,2000-2005,Congentinal,FALSE
35-39 years,4.56267916864082,2000-2005,Congentinal,FALSE
40-44 years,2.9573792766757023,2000-2005,Congentinal,FALSE
45-49 years,4.710115788938616,2000-2005,Congentinal,FALSE
5-9 years,-4.431825792448947,2000-2005,Congentinal,FALSE
50-54 years,0.16765878956743308,2000-2005,Congentinal,FALSE
55-59 years,-5.587382350463237,2000-2005,Congentinal,FALSE
60-64 years,-3.5258116569409097,2000-2005,Congentinal,FALSE
65-69 years,-4.026825958182108,2000-2005,Congentinal,FALSE
70-74 years,-0.13792887750585692,2000-2005,Congentinal,FALSE
75-79 years,-2.3890755835526107,2000-2005,Congentinal,FALSE
80-84 years,-4.441120868128138,2000-2005,Congentinal,FALSE
< 1 year,44.12984256247546,2000-2005,Congentinal,FALSE
1-4 years,-16.74239096614272,2006-2012,Congentinal,FALSE
10-14 years,1.5062981020558794,2006-2012,Congentinal,FALSE
15-19 years,17.97685588167046,2006-2012,Congentinal,FALSE
20-24 years,18.010421034151975,2006-2012,Congentinal,FALSE
25-29 years,15.194982834095036,2006-2012,Congentinal,FALSE
30-34 years,9.594535349729917,2006-2012,Congentinal,FALSE
35-39 years,6.915690839655035,2006-2012,Congentinal,FALSE
40-44 years,7.829519281197115,2006-2012,Congentinal,FALSE
45-49 years,6.035654496685609,2006-2012,Congentinal,FALSE
5-9 years,-0.2587110209253609,2006-2012,Congentinal,FALSE
50-54 years,2.5959587771840305,2006-2012,Congentinal,FALSE
55-59 years,2.4389157878645236,2006-2012,Congentinal,FALSE
60-64 years,4.5953211749508895,2006-2012,Congentinal,FALSE
65-69 years,-0.4145734325815198,2006-2012,Congentinal,FALSE
70-74 years,-1.712105307708498,2006-2012,Congentinal,FALSE
75-79 years,0.02564865727399379,2006-2012,Congentinal,FALSE
80-84 years,0.7758657410503815,2006-2012,Congentinal,FALSE
< 1 year,-108.9183384549251,2006-2012,Congentinal,FALSE
1-4 years,-9.46167389144091,2013-2019,Congentinal,FALSE
10-14 years,6.364272936199946,2013-2019,Congentinal,FALSE
15-19 years,11.49409808657346,2013-2019,Congentinal,FALSE
20-24 years,12.528092668097171,2013-2019,Congentinal,FALSE
25-29 years,10.01332996602865,2013-2019,Congentinal,FALSE
30-34 years,11.257682478045645,2013-2019,Congentinal,FALSE
35-39 years,3.369646166700207,2013-2019,Congentinal,FALSE
40-44 years,2.006650865217253,2013-2019,Congentinal,FALSE
45-49 years,0.2067608494809079,2013-2019,Congentinal,FALSE
5-9 years,-2.013122162307966,2013-2019,Congentinal,FALSE
50-54 years,6.098226537500558,2013-2019,Congentinal,FALSE
55-59 years,1.2429515367437034,2013-2019,Congentinal,FALSE
60-64 years,5.717865911597464,2013-2019,Congentinal,FALSE
65-69 years,3.404165517589604,2013-2019,Congentinal,FALSE
70-74 years,-1.5425560447473892,2013-2019,Congentinal,FALSE
75-79 years,0.0753998003309313,2013-2019,Congentinal,FALSE
80-84 years,-0.5063651237936355,2013-2019,Congentinal,FALSE
< 1 year,-33.46381833139458,2013-2019,Congentinal,FALSE
1-4 years,-34.42862376514199,2020-2022,Congentinal,FALSE
10-14 years,8.287469381460362,2020-2022,Congentinal,FALSE
15-19 years,8.284888242521113,2020-2022,Congentinal,FALSE
20-24 years,9.80129782439559,2020-2022,Congentinal,FALSE
25-29 years,17.763619254841586,2020-2022,Congentinal,FALSE
30-34 years,3.712295381490911,2020-2022,Congentinal,FALSE
35-39 years,3.1625114849505422,2020-2022,Congentinal,FALSE
40-44 years,5.343323509980699,2020-2022,Congentinal,FALSE
45-49 years,3.257601577792954,2020-2022,Congentinal,FALSE
5-9 years,-1.342737608858016,2020-2022,Congentinal,FALSE
50-54 years,3.456844304042363,2020-2022,Congentinal,FALSE
55-59 years,1.7520658660065749,2020-2022,Congentinal,FALSE
60-64 years,2.2790836898986413,2020-2022,Congentinal,FALSE
65-69 years,4.073291488846451,2020-2022,Congentinal,FALSE
70-74 years,-0.02441731689176762,2020-2022,Congentinal,FALSE
75-79 years,1.3366787822550492,2020-2022,Congentinal,FALSE
80-84 years,-1.2589198002259927,2020-2022,Congentinal,FALSE
< 1 year,-527.6130123598177,2020-2022,Congentinal,FALSE
1-4 years,299.8996066852353,2000-2005,External causes,TRUE
10-14 years,354.915257162391,2000-2005,External causes,TRUE
15-19 years,2757.9273352779364,2000-2005,External causes,TRUE
20-24 years,4706.13220892177,2000-2005,External causes,TRUE
25-29 years,3643.392382275253,2000-2005,External causes,TRUE
30-34 years,2672.722655257315,2000-2005,External causes,TRUE
35-39 years,2277.298703938733,2000-2005,External causes,TRUE
40-44 years,2087.574745795388,2000-2005,External causes,TRUE
45-49 years,1837.12474729707,2000-2005,External causes,TRUE
5-9 years,131.02652253001588,2000-2005,External causes,TRUE
50-54 years,1420.9792607324034,2000-2005,External causes,TRUE
55-59 years,1061.8775437844124,2000-2005,External causes,TRUE
60-64 years,808.1295294862507,2000-2005,External causes,TRUE
65-69 years,658.4755024448762,2000-2005,External causes,TRUE
70-74 years,621.542833539036,2000-2005,External causes,TRUE
75-79 years,630.5423428257013,2000-2005,External causes,TRUE
80-84 years,662.4044117562892,2000-2005,External causes,TRUE
< 1 year,424.9304685072966,2000-2005,External causes,TRUE
1-4 years,270.41124405203755,2006-2012,External causes,TRUE
10-14 years,256.1166288198814,2006-2012,External causes,TRUE
15-19 years,2377.4157031911473,2006-2012,External causes,TRUE
20-24 years,4475.931719967793,2006-2012,External causes,TRUE
25-29 years,3783.065928936224,2006-2012,External causes,TRUE
30-34 years,2944.4076188895106,2006-2012,External causes,TRUE
35-39 years,2320.9406716587296,2006-2012,External causes,TRUE
40-44 years,1994.984283421638,2006-2012,External causes,TRUE
45-49 years,1842.0877607183568,2006-2012,External causes,TRUE
5-9 years,104.48296851591942,2006-2012,External causes,TRUE
50-54 years,1616.085341427546,2006-2012,External causes,TRUE
55-59 years,1324.4724675980333,2006-2012,External causes,TRUE
60-64 years,973.3176967208976,2006-2012,External causes,TRUE
65-69 years,751.1491588288504,2006-2012,External causes,TRUE
70-74 years,662.7766761784934,2006-2012,External causes,TRUE
75-79 years,637.4723166526021,2006-2012,External causes,TRUE
80-84 years,638.0557325684199,2006-2012,External causes,TRUE
< 1 year,612.9556443528745,2006-2012,External causes,TRUE
1-4 years,251.5569021777237,2013-2019,External causes,TRUE
10-14 years,227.16614776406936,2013-2019,External causes,TRUE
15-19 years,2105.181065530047,2013-2019,External causes,TRUE
20-24 years,4215.128417795708,2013-2019,External causes,TRUE
25-29 years,4191.866006042856,2013-2019,External causes,TRUE
30-34 years,3626.474467693568,2013-2019,External causes,TRUE
35-39 years,3055.8905241325497,2013-2019,External causes,TRUE
40-44 years,2403.0534262417923,2013-2019,External causes,TRUE
45-49 years,2054.4762716239875,2013-2019,External causes,TRUE
5-9 years,92.87209859070911,2013-2019,External causes,TRUE
50-54 years,1858.7080354585933,2013-2019,External causes,TRUE
55-59 years,1681.0512304160588,2013-2019,External causes,TRUE
60-64 years,1313.305412301224,2013-2019,External causes,TRUE
65-69 years,968.7948230067832,2013-2019,External causes,TRUE
70-74 years,769.3974105873144,2013-2019,External causes,TRUE
75-79 years,743.9933745753914,2013-2019,External causes,TRUE
80-84 years,706.6431522233925,2013-2019,External causes,TRUE
< 1 year,703.4472938261247,2013-2019,External causes,TRUE
1-4 years,260.27076679122047,2020-2022,External causes,TRUE
10-14 years,265.2721977667804,2020-2022,External causes,TRUE
15-19 years,2698.7281131988498,2020-2022,External causes,TRUE
20-24 years,4738.999195400949,2020-2022,External causes,TRUE
25-29 years,5235.605155418902,2020-2022,External causes,TRUE
30-34 years,5130.912611576717,2020-2022,External causes,TRUE
35-39 years,4404.454945912345,2020-2022,External causes,TRUE
40-44 years,3681.07358294406,2020-2022,External causes,TRUE
45-49 years,2925.644365454448,2020-2022,External causes,TRUE
5-9 years,88.59781471223647,2020-2022,External causes,TRUE
50-54 years,2490.5672075082166,2020-2022,External causes,TRUE
55-59 years,2233.7979837831845,2020-2022,External causes,TRUE
60-64 years,1807.1904522310813,2020-2022,External causes,TRUE
65-69 years,1278.7475149147522,2020-2022,External causes,TRUE
70-74 years,903.4639564574344,2020-2022,External causes,TRUE
75-79 years,793.0873539775848,2020-2022,External causes,TRUE
80-84 years,770.4155557896788,2020-2022,External causes,TRUE
< 1 year,716.4962705419143,2020-2022,External causes,TRUE
